run_ID,seq_sample_ID,forward_fq,reverse_fq
seq260612_DR8PG,A-230622-ITS-c-61-1,DR8PG2-A-230622-ITS-c-61-1_S297_L001_R1_001.fastq.gz,DR8PG2-A-230622-ITS-c-61-1_S297_L001_R2_001.fastq.gz
seq260612_DR8PG,A-230622-ITS-c-61-2,DR8PG2-A-230622-ITS-c-61-2_S298_L001_R1_001.fastq.gz,DR8PG2-A-230622-ITS-c-61-2_S298_L001_R2_001.fastq.gz
seq260612_DR8PG,A-230622-ITS-c-61-3,DR8PG2-A-230622-ITS-c-61-3_S299_L001_R1_001.fastq.gz,DR8PG2-A-230622-ITS-c-61-3_S299_L001_R2_001.fastq.gz
seq260612_DR8PG,A-230622-ITS-c-62-1,DR8PG2-A-230622-ITS-c-62-1_S300_L001_R1_001.fastq.gz,DR8PG2-A-230622-ITS-c-62-1_S300_L001_R2_001.fastq.gz
seq260612_DR8PG,A-230622-ITS-c-62-2,DR8PG2-A-230622-ITS-c-62-2_S301_L001_R1_001.fastq.gz,DR8PG2-A-230622-ITS-c-62-2_S301_L001_R2_001.fastq.gz
seq260612_DR8PG,A-230622-ITS-c-62-3,DR8PG2-A-230622-ITS-c-62-3_S302_L001_R1_001.fastq.gz,DR8PG2-A-230622-ITS-c-62-3_S302_L001_R2_001.fastq.gz
seq260612_DR8PG,A-230622-ITS-c-62-4,DR8PG2-A-230622-ITS-c-62-4_S303_L001_R1_001.fastq.gz,DR8PG2-A-230622-ITS-c-62-4_S303_L001_R2_001.fastq.gz
seq260612_DR8PG,A-230622-ITS-c-63-2,DR8PG2-A-230622-ITS-c-63-2_S304_L001_R1_001.fastq.gz,DR8PG2-A-230622-ITS-c-63-2_S304_L001_R2_001.fastq.gz
seq260612_DR8PG,A-230622-ITS-c-63-3,DR8PG2-A-230622-ITS-c-63-3_S305_L001_R1_001.fastq.gz,DR8PG2-A-230622-ITS-c-63-3_S305_L001_R2_001.fastq.gz
seq260612_DR8PG,A-230622-ITS-c-63-4,DR8PG2-A-230622-ITS-c-63-4_S306_L001_R1_001.fastq.gz,DR8PG2-A-230622-ITS-c-63-4_S306_L001_R2_001.fastq.gz
seq260612_DR8PG,A-230622-ITS-c-63-5,DR8PG2-A-230622-ITS-c-63-5_S307_L001_R1_001.fastq.gz,DR8PG2-A-230622-ITS-c-63-5_S307_L001_R2_001.fastq.gz
seq260612_DR8PG,A-230622-ITS-c-66,DR8PG2-A-230622-ITS-c-66_S308_L001_R1_001.fastq.gz,DR8PG2-A-230622-ITS-c-66_S308_L001_R2_001.fastq.gz
seq260612_DR8PG,A-230622-ITS-c-67,DR8PG2-A-230622-ITS-c-67_S309_L001_R1_001.fastq.gz,DR8PG2-A-230622-ITS-c-67_S309_L001_R2_001.fastq.gz
seq260612_DR8PG,A-230622-ITS-c-68,DR8PG2-A-230622-ITS-c-68_S310_L001_R1_001.fastq.gz,DR8PG2-A-230622-ITS-c-68_S310_L001_R2_001.fastq.gz
seq260612_DR8PG,A-230622-ITS-c-69,DR8PG2-A-230622-ITS-c-69_S311_L001_R1_001.fastq.gz,DR8PG2-A-230622-ITS-c-69_S311_L001_R2_001.fastq.gz
seq260612_DR8PG,A-230622-ITS-c-70-5,DR8PG2-A-230622-ITS-c-70-5_S312_L001_R1_001.fastq.gz,DR8PG2-A-230622-ITS-c-70-5_S312_L001_R2_001.fastq.gz
seq260612_DR8PG,A-230622-ITS-c-70-6,DR8PG2-A-230622-ITS-c-70-6_S313_L001_R1_001.fastq.gz,DR8PG2-A-230622-ITS-c-70-6_S313_L001_R2_001.fastq.gz
seq260612_DR8PG,A-230622-ITS-c-70-7,DR8PG2-A-230622-ITS-c-70-7_S314_L001_R1_001.fastq.gz,DR8PG2-A-230622-ITS-c-70-7_S314_L001_R2_001.fastq.gz
seq260612_DR8PG,A-230622-ITS-c-71-1,DR8PG2-A-230622-ITS-c-71-1_S315_L001_R1_001.fastq.gz,DR8PG2-A-230622-ITS-c-71-1_S315_L001_R2_001.fastq.gz
seq260612_DR8PG,A-230622-ITS-c-71-2,DR8PG2-A-230622-ITS-c-71-2_S316_L001_R1_001.fastq.gz,DR8PG2-A-230622-ITS-c-71-2_S316_L001_R2_001.fastq.gz
seq260612_DR8PG,A-230622-ITS-c-71-3,DR8PG2-A-230622-ITS-c-71-3_S317_L001_R1_001.fastq.gz,DR8PG2-A-230622-ITS-c-71-3_S317_L001_R2_001.fastq.gz
seq260612_DR8PG,A-230622-ITS-c-71-4,DR8PG2-A-230622-ITS-c-71-4_S318_L001_R1_001.fastq.gz,DR8PG2-A-230622-ITS-c-71-4_S318_L001_R2_001.fastq.gz
seq260612_DR8PG,A-230622-ITS-c-71-5,DR8PG2-A-230622-ITS-c-71-5_S319_L001_R1_001.fastq.gz,DR8PG2-A-230622-ITS-c-71-5_S319_L001_R2_001.fastq.gz
seq260612_DR8PG,A-230622-ITS-c-71-6,DR8PG2-A-230622-ITS-c-71-6_S320_L001_R1_001.fastq.gz,DR8PG2-A-230622-ITS-c-71-6_S320_L001_R2_001.fastq.gz
seq260612_DR8PG,T-040723-16S-c-100E-1,DR8PG2-T-040723-16S-c-100E-1_S180_L001_R1_001.fastq.gz,DR8PG2-T-040723-16S-c-100E-1_S180_L001_R2_001.fastq.gz
seq260612_DR8PG,T-040723-16S-c-107E-1,DR8PG2-T-040723-16S-c-107E-1_S181_L001_R1_001.fastq.gz,DR8PG2-T-040723-16S-c-107E-1_S181_L001_R2_001.fastq.gz
seq260612_DR8PG,T-040723-16S-c-10E-1,DR8PG2-T-040723-16S-c-10E-1_S150_L001_R1_001.fastq.gz,DR8PG2-T-040723-16S-c-10E-1_S150_L001_R2_001.fastq.gz
seq260612_DR8PG,T-040723-16S-c-17E-1,DR8PG2-T-040723-16S-c-17E-1_S151_L001_R1_001.fastq.gz,DR8PG2-T-040723-16S-c-17E-1_S151_L001_R2_001.fastq.gz
seq260612_DR8PG,T-040723-16S-c-18E-1,DR8PG2-T-040723-16S-c-18E-1_S152_L001_R1_001.fastq.gz,DR8PG2-T-040723-16S-c-18E-1_S152_L001_R2_001.fastq.gz
seq260612_DR8PG,T-040723-16S-c-22E-1,DR8PG2-T-040723-16S-c-22E-1_S153_L001_R1_001.fastq.gz,DR8PG2-T-040723-16S-c-22E-1_S153_L001_R2_001.fastq.gz
seq260612_DR8PG,T-040723-16S-c-24E-1,DR8PG2-T-040723-16S-c-24E-1_S154_L001_R1_001.fastq.gz,DR8PG2-T-040723-16S-c-24E-1_S154_L001_R2_001.fastq.gz
seq260612_DR8PG,T-040723-16S-c-25E-1,DR8PG2-T-040723-16S-c-25E-1_S155_L001_R1_001.fastq.gz,DR8PG2-T-040723-16S-c-25E-1_S155_L001_R2_001.fastq.gz
seq260612_DR8PG,T-040723-16S-c-26E-1,DR8PG2-T-040723-16S-c-26E-1_S156_L001_R1_001.fastq.gz,DR8PG2-T-040723-16S-c-26E-1_S156_L001_R2_001.fastq.gz
seq260612_DR8PG,T-040723-16S-c-28E-1,DR8PG2-T-040723-16S-c-28E-1_S157_L001_R1_001.fastq.gz,DR8PG2-T-040723-16S-c-28E-1_S157_L001_R2_001.fastq.gz
seq260612_DR8PG,T-040723-16S-c-35E-1,DR8PG2-T-040723-16S-c-35E-1_S158_L001_R1_001.fastq.gz,DR8PG2-T-040723-16S-c-35E-1_S158_L001_R2_001.fastq.gz
seq260612_DR8PG,T-040723-16S-c-37E-1,DR8PG2-T-040723-16S-c-37E-1_S159_L001_R1_001.fastq.gz,DR8PG2-T-040723-16S-c-37E-1_S159_L001_R2_001.fastq.gz
seq260612_DR8PG,T-040723-16S-c-38E-1,DR8PG2-T-040723-16S-c-38E-1_S160_L001_R1_001.fastq.gz,DR8PG2-T-040723-16S-c-38E-1_S160_L001_R2_001.fastq.gz
seq260612_DR8PG,T-040723-16S-c-41E-1,DR8PG2-T-040723-16S-c-41E-1_S161_L001_R1_001.fastq.gz,DR8PG2-T-040723-16S-c-41E-1_S161_L001_R2_001.fastq.gz
seq260612_DR8PG,T-040723-16S-c-44E-1,DR8PG2-T-040723-16S-c-44E-1_S162_L001_R1_001.fastq.gz,DR8PG2-T-040723-16S-c-44E-1_S162_L001_R2_001.fastq.gz
seq260612_DR8PG,T-040723-16S-c-51E-1,DR8PG2-T-040723-16S-c-51E-1_S163_L001_R1_001.fastq.gz,DR8PG2-T-040723-16S-c-51E-1_S163_L001_R2_001.fastq.gz
seq260612_DR8PG,T-040723-16S-c-53E-1,DR8PG2-T-040723-16S-c-53E-1_S164_L001_R1_001.fastq.gz,DR8PG2-T-040723-16S-c-53E-1_S164_L001_R2_001.fastq.gz
seq260612_DR8PG,T-040723-16S-c-55E-1,DR8PG2-T-040723-16S-c-55E-1_S165_L001_R1_001.fastq.gz,DR8PG2-T-040723-16S-c-55E-1_S165_L001_R2_001.fastq.gz
seq260612_DR8PG,T-040723-16S-c-59E-1,DR8PG2-T-040723-16S-c-59E-1_S166_L001_R1_001.fastq.gz,DR8PG2-T-040723-16S-c-59E-1_S166_L001_R2_001.fastq.gz
seq260612_DR8PG,T-040723-16S-c-5E-1,DR8PG2-T-040723-16S-c-5E-1_S148_L001_R1_001.fastq.gz,DR8PG2-T-040723-16S-c-5E-1_S148_L001_R2_001.fastq.gz
seq260612_DR8PG,T-040723-16S-c-61E-1,DR8PG2-T-040723-16S-c-61E-1_S167_L001_R1_001.fastq.gz,DR8PG2-T-040723-16S-c-61E-1_S167_L001_R2_001.fastq.gz
seq260612_DR8PG,T-040723-16S-c-66E-1,DR8PG2-T-040723-16S-c-66E-1_S168_L001_R1_001.fastq.gz,DR8PG2-T-040723-16S-c-66E-1_S168_L001_R2_001.fastq.gz
seq260612_DR8PG,T-040723-16S-c-68E-1,DR8PG2-T-040723-16S-c-68E-1_S169_L001_R1_001.fastq.gz,DR8PG2-T-040723-16S-c-68E-1_S169_L001_R2_001.fastq.gz
seq260612_DR8PG,T-040723-16S-c-72E-1,DR8PG2-T-040723-16S-c-72E-1_S170_L001_R1_001.fastq.gz,DR8PG2-T-040723-16S-c-72E-1_S170_L001_R2_001.fastq.gz
seq260612_DR8PG,T-040723-16S-c-75E-1,DR8PG2-T-040723-16S-c-75E-1_S171_L001_R1_001.fastq.gz,DR8PG2-T-040723-16S-c-75E-1_S171_L001_R2_001.fastq.gz
seq260612_DR8PG,T-040723-16S-c-80E-1,DR8PG2-T-040723-16S-c-80E-1_S172_L001_R1_001.fastq.gz,DR8PG2-T-040723-16S-c-80E-1_S172_L001_R2_001.fastq.gz
seq260612_DR8PG,T-040723-16S-c-81E-1,DR8PG2-T-040723-16S-c-81E-1_S173_L001_R1_001.fastq.gz,DR8PG2-T-040723-16S-c-81E-1_S173_L001_R2_001.fastq.gz
seq260612_DR8PG,T-040723-16S-c-82E-1,DR8PG2-T-040723-16S-c-82E-1_S174_L001_R1_001.fastq.gz,DR8PG2-T-040723-16S-c-82E-1_S174_L001_R2_001.fastq.gz
seq260612_DR8PG,T-040723-16S-c-87E-1,DR8PG2-T-040723-16S-c-87E-1_S175_L001_R1_001.fastq.gz,DR8PG2-T-040723-16S-c-87E-1_S175_L001_R2_001.fastq.gz
seq260612_DR8PG,T-040723-16S-c-88E-1,DR8PG2-T-040723-16S-c-88E-1_S176_L001_R1_001.fastq.gz,DR8PG2-T-040723-16S-c-88E-1_S176_L001_R2_001.fastq.gz
seq260612_DR8PG,T-040723-16S-c-89E-1,DR8PG2-T-040723-16S-c-89E-1_S177_L001_R1_001.fastq.gz,DR8PG2-T-040723-16S-c-89E-1_S177_L001_R2_001.fastq.gz
seq260612_DR8PG,T-040723-16S-c-91E-1,DR8PG2-T-040723-16S-c-91E-1_S178_L001_R1_001.fastq.gz,DR8PG2-T-040723-16S-c-91E-1_S178_L001_R2_001.fastq.gz
seq260612_DR8PG,T-040723-16S-c-98E-1,DR8PG2-T-040723-16S-c-98E-1_S179_L001_R1_001.fastq.gz,DR8PG2-T-040723-16S-c-98E-1_S179_L001_R2_001.fastq.gz
seq260612_DR8PG,T-040723-16S-c-9E-1,DR8PG2-T-040723-16S-c-9E-1_S149_L001_R1_001.fastq.gz,DR8PG2-T-040723-16S-c-9E-1_S149_L001_R2_001.fastq.gz
seq260612_DR8PG,T-060623-ITS-c-100B-1,DR8PG2-T-060623-ITS-c-100B-1_S73_L001_R1_001.fastq.gz,DR8PG2-T-060623-ITS-c-100B-1_S73_L001_R2_001.fastq.gz
seq260612_DR8PG,T-060623-ITS-c-104B-1,DR8PG2-T-060623-ITS-c-104B-1_S74_L001_R1_001.fastq.gz,DR8PG2-T-060623-ITS-c-104B-1_S74_L001_R2_001.fastq.gz
seq260612_DR8PG,T-060623-ITS-c-107B-1,DR8PG2-T-060623-ITS-c-107B-1_S75_L001_R1_001.fastq.gz,DR8PG2-T-060623-ITS-c-107B-1_S75_L001_R2_001.fastq.gz
seq260612_DR8PG,T-060623-ITS-c-10B-1,DR8PG2-T-060623-ITS-c-10B-1_S44_L001_R1_001.fastq.gz,DR8PG2-T-060623-ITS-c-10B-1_S44_L001_R2_001.fastq.gz
seq260612_DR8PG,T-060623-ITS-c-17B-1,DR8PG2-T-060623-ITS-c-17B-1_S45_L001_R1_001.fastq.gz,DR8PG2-T-060623-ITS-c-17B-1_S45_L001_R2_001.fastq.gz
seq260612_DR8PG,T-060623-ITS-c-18B-1,DR8PG2-T-060623-ITS-c-18B-1_S46_L001_R1_001.fastq.gz,DR8PG2-T-060623-ITS-c-18B-1_S46_L001_R2_001.fastq.gz
seq260612_DR8PG,T-060623-ITS-c-22B-1,DR8PG2-T-060623-ITS-c-22B-1_S47_L001_R1_001.fastq.gz,DR8PG2-T-060623-ITS-c-22B-1_S47_L001_R2_001.fastq.gz
seq260612_DR8PG,T-060623-ITS-c-24B-1,DR8PG2-T-060623-ITS-c-24B-1_S48_L001_R1_001.fastq.gz,DR8PG2-T-060623-ITS-c-24B-1_S48_L001_R2_001.fastq.gz
seq260612_DR8PG,T-060623-ITS-c-25B-1,DR8PG2-T-060623-ITS-c-25B-1_S49_L001_R1_001.fastq.gz,DR8PG2-T-060623-ITS-c-25B-1_S49_L001_R2_001.fastq.gz
seq260612_DR8PG,T-060623-ITS-c-26B-1,DR8PG2-T-060623-ITS-c-26B-1_S50_L001_R1_001.fastq.gz,DR8PG2-T-060623-ITS-c-26B-1_S50_L001_R2_001.fastq.gz
seq260612_DR8PG,T-060623-ITS-c-28B-1,DR8PG2-T-060623-ITS-c-28B-1_S51_L001_R1_001.fastq.gz,DR8PG2-T-060623-ITS-c-28B-1_S51_L001_R2_001.fastq.gz
seq260612_DR8PG,T-060623-ITS-c-35B-1,DR8PG2-T-060623-ITS-c-35B-1_S52_L001_R1_001.fastq.gz,DR8PG2-T-060623-ITS-c-35B-1_S52_L001_R2_001.fastq.gz
seq260612_DR8PG,T-060623-ITS-c-37B-1,DR8PG2-T-060623-ITS-c-37B-1_S53_L001_R1_001.fastq.gz,DR8PG2-T-060623-ITS-c-37B-1_S53_L001_R2_001.fastq.gz
seq260612_DR8PG,T-060623-ITS-c-38B-1,DR8PG2-T-060623-ITS-c-38B-1_S54_L001_R1_001.fastq.gz,DR8PG2-T-060623-ITS-c-38B-1_S54_L001_R2_001.fastq.gz
seq260612_DR8PG,T-060623-ITS-c-3B-1,DR8PG2-T-060623-ITS-c-3B-1_S41_L001_R1_001.fastq.gz,DR8PG2-T-060623-ITS-c-3B-1_S41_L001_R2_001.fastq.gz
seq260612_DR8PG,T-060623-ITS-c-41B-1,DR8PG2-T-060623-ITS-c-41B-1_S55_L001_R1_001.fastq.gz,DR8PG2-T-060623-ITS-c-41B-1_S55_L001_R2_001.fastq.gz
seq260612_DR8PG,T-060623-ITS-c-44B-1,DR8PG2-T-060623-ITS-c-44B-1_S56_L001_R1_001.fastq.gz,DR8PG2-T-060623-ITS-c-44B-1_S56_L001_R2_001.fastq.gz
seq260612_DR8PG,T-060623-ITS-c-51B-1,DR8PG2-T-060623-ITS-c-51B-1_S57_L001_R1_001.fastq.gz,DR8PG2-T-060623-ITS-c-51B-1_S57_L001_R2_001.fastq.gz
seq260612_DR8PG,T-060623-ITS-c-53B-1,DR8PG2-T-060623-ITS-c-53B-1_S58_L001_R1_001.fastq.gz,DR8PG2-T-060623-ITS-c-53B-1_S58_L001_R2_001.fastq.gz
seq260612_DR8PG,T-060623-ITS-c-55B-1,DR8PG2-T-060623-ITS-c-55B-1_S59_L001_R1_001.fastq.gz,DR8PG2-T-060623-ITS-c-55B-1_S59_L001_R2_001.fastq.gz
seq260612_DR8PG,T-060623-ITS-c-59B-1,DR8PG2-T-060623-ITS-c-59B-1_S60_L001_R1_001.fastq.gz,DR8PG2-T-060623-ITS-c-59B-1_S60_L001_R2_001.fastq.gz
seq260612_DR8PG,T-060623-ITS-c-5B-1,DR8PG2-T-060623-ITS-c-5B-1_S42_L001_R1_001.fastq.gz,DR8PG2-T-060623-ITS-c-5B-1_S42_L001_R2_001.fastq.gz
seq260612_DR8PG,T-060623-ITS-c-61B-1,DR8PG2-T-060623-ITS-c-61B-1_S61_L001_R1_001.fastq.gz,DR8PG2-T-060623-ITS-c-61B-1_S61_L001_R2_001.fastq.gz
seq260612_DR8PG,T-060623-ITS-c-66B-1,DR8PG2-T-060623-ITS-c-66B-1_S62_L001_R1_001.fastq.gz,DR8PG2-T-060623-ITS-c-66B-1_S62_L001_R2_001.fastq.gz
seq260612_DR8PG,T-060623-ITS-c-72B-1,DR8PG2-T-060623-ITS-c-72B-1_S63_L001_R1_001.fastq.gz,DR8PG2-T-060623-ITS-c-72B-1_S63_L001_R2_001.fastq.gz
seq260612_DR8PG,T-060623-ITS-c-75B-1,DR8PG2-T-060623-ITS-c-75B-1_S64_L001_R1_001.fastq.gz,DR8PG2-T-060623-ITS-c-75B-1_S64_L001_R2_001.fastq.gz
seq260612_DR8PG,T-060623-ITS-c-80B-1,DR8PG2-T-060623-ITS-c-80B-1_S65_L001_R1_001.fastq.gz,DR8PG2-T-060623-ITS-c-80B-1_S65_L001_R2_001.fastq.gz
seq260612_DR8PG,T-060623-ITS-c-81B-1,DR8PG2-T-060623-ITS-c-81B-1_S66_L001_R1_001.fastq.gz,DR8PG2-T-060623-ITS-c-81B-1_S66_L001_R2_001.fastq.gz
seq260612_DR8PG,T-060623-ITS-c-82B-1,DR8PG2-T-060623-ITS-c-82B-1_S67_L001_R1_001.fastq.gz,DR8PG2-T-060623-ITS-c-82B-1_S67_L001_R2_001.fastq.gz
seq260612_DR8PG,T-060623-ITS-c-87B-1,DR8PG2-T-060623-ITS-c-87B-1_S68_L001_R1_001.fastq.gz,DR8PG2-T-060623-ITS-c-87B-1_S68_L001_R2_001.fastq.gz
seq260612_DR8PG,T-060623-ITS-c-88B-1,DR8PG2-T-060623-ITS-c-88B-1_S69_L001_R1_001.fastq.gz,DR8PG2-T-060623-ITS-c-88B-1_S69_L001_R2_001.fastq.gz
seq260612_DR8PG,T-060623-ITS-c-89B-1,DR8PG2-T-060623-ITS-c-89B-1_S70_L001_R1_001.fastq.gz,DR8PG2-T-060623-ITS-c-89B-1_S70_L001_R2_001.fastq.gz
seq260612_DR8PG,T-060623-ITS-c-91B-1,DR8PG2-T-060623-ITS-c-91B-1_S71_L001_R1_001.fastq.gz,DR8PG2-T-060623-ITS-c-91B-1_S71_L001_R2_001.fastq.gz
seq260612_DR8PG,T-060623-ITS-c-98B-1,DR8PG2-T-060623-ITS-c-98B-1_S72_L001_R1_001.fastq.gz,DR8PG2-T-060623-ITS-c-98B-1_S72_L001_R2_001.fastq.gz
seq260612_DR8PG,T-060623-ITS-c-9B-1,DR8PG2-T-060623-ITS-c-9B-1_S43_L001_R1_001.fastq.gz,DR8PG2-T-060623-ITS-c-9B-1_S43_L001_R2_001.fastq.gz
seq260612_DR8PG,T-110723-16S-c-100F-1,DR8PG2-T-110723-16S-c-100F-1_S216_L001_R1_001.fastq.gz,DR8PG2-T-110723-16S-c-100F-1_S216_L001_R2_001.fastq.gz
seq260612_DR8PG,T-110723-16S-c-104F-1,DR8PG2-T-110723-16S-c-104F-1_S217_L001_R1_001.fastq.gz,DR8PG2-T-110723-16S-c-104F-1_S217_L001_R2_001.fastq.gz
seq260612_DR8PG,T-110723-16S-c-107F-1,DR8PG2-T-110723-16S-c-107F-1_S218_L001_R1_001.fastq.gz,DR8PG2-T-110723-16S-c-107F-1_S218_L001_R2_001.fastq.gz
seq260612_DR8PG,T-110723-16S-c-10F-1,DR8PG2-T-110723-16S-c-10F-1_S187_L001_R1_001.fastq.gz,DR8PG2-T-110723-16S-c-10F-1_S187_L001_R2_001.fastq.gz
seq260612_DR8PG,T-110723-16S-c-17F-1,DR8PG2-T-110723-16S-c-17F-1_S188_L001_R1_001.fastq.gz,DR8PG2-T-110723-16S-c-17F-1_S188_L001_R2_001.fastq.gz
seq260612_DR8PG,T-110723-16S-c-18F-1,DR8PG2-T-110723-16S-c-18F-1_S189_L001_R1_001.fastq.gz,DR8PG2-T-110723-16S-c-18F-1_S189_L001_R2_001.fastq.gz
seq260612_DR8PG,T-110723-16S-c-22F-1,DR8PG2-T-110723-16S-c-22F-1_S190_L001_R1_001.fastq.gz,DR8PG2-T-110723-16S-c-22F-1_S190_L001_R2_001.fastq.gz
seq260612_DR8PG,T-110723-16S-c-24F-1,DR8PG2-T-110723-16S-c-24F-1_S191_L001_R1_001.fastq.gz,DR8PG2-T-110723-16S-c-24F-1_S191_L001_R2_001.fastq.gz
seq260612_DR8PG,T-110723-16S-c-26F-1,DR8PG2-T-110723-16S-c-26F-1_S192_L001_R1_001.fastq.gz,DR8PG2-T-110723-16S-c-26F-1_S192_L001_R2_001.fastq.gz
seq260612_DR8PG,T-110723-16S-c-28F-1,DR8PG2-T-110723-16S-c-28F-1_S193_L001_R1_001.fastq.gz,DR8PG2-T-110723-16S-c-28F-1_S193_L001_R2_001.fastq.gz
seq260612_DR8PG,T-110723-16S-c-35F-1,DR8PG2-T-110723-16S-c-35F-1_S194_L001_R1_001.fastq.gz,DR8PG2-T-110723-16S-c-35F-1_S194_L001_R2_001.fastq.gz
seq260612_DR8PG,T-110723-16S-c-37F-1,DR8PG2-T-110723-16S-c-37F-1_S195_L001_R1_001.fastq.gz,DR8PG2-T-110723-16S-c-37F-1_S195_L001_R2_001.fastq.gz
seq260612_DR8PG,T-110723-16S-c-38F-1,DR8PG2-T-110723-16S-c-38F-1_S196_L001_R1_001.fastq.gz,DR8PG2-T-110723-16S-c-38F-1_S196_L001_R2_001.fastq.gz
seq260612_DR8PG,T-110723-16S-c-3F-1,DR8PG2-T-110723-16S-c-3F-1_S182_L001_R1_001.fastq.gz,DR8PG2-T-110723-16S-c-3F-1_S182_L001_R2_001.fastq.gz
seq260612_DR8PG,T-110723-16S-c-41F-1,DR8PG2-T-110723-16S-c-41F-1_S197_L001_R1_001.fastq.gz,DR8PG2-T-110723-16S-c-41F-1_S197_L001_R2_001.fastq.gz
seq260612_DR8PG,T-110723-16S-c-44F-1,DR8PG2-T-110723-16S-c-44F-1_S198_L001_R1_001.fastq.gz,DR8PG2-T-110723-16S-c-44F-1_S198_L001_R2_001.fastq.gz
seq260612_DR8PG,T-110723-16S-c-51F-1,DR8PG2-T-110723-16S-c-51F-1_S199_L001_R1_001.fastq.gz,DR8PG2-T-110723-16S-c-51F-1_S199_L001_R2_001.fastq.gz
seq260612_DR8PG,T-110723-16S-c-53F-1,DR8PG2-T-110723-16S-c-53F-1_S200_L001_R1_001.fastq.gz,DR8PG2-T-110723-16S-c-53F-1_S200_L001_R2_001.fastq.gz
seq260612_DR8PG,T-110723-16S-c-55F-1,DR8PG2-T-110723-16S-c-55F-1_S201_L001_R1_001.fastq.gz,DR8PG2-T-110723-16S-c-55F-1_S201_L001_R2_001.fastq.gz
seq260612_DR8PG,T-110723-16S-c-59F-1,DR8PG2-T-110723-16S-c-59F-1_S202_L001_R1_001.fastq.gz,DR8PG2-T-110723-16S-c-59F-1_S202_L001_R2_001.fastq.gz
seq260612_DR8PG,T-110723-16S-c-5F-1,DR8PG2-T-110723-16S-c-5F-1_S183_L001_R1_001.fastq.gz,DR8PG2-T-110723-16S-c-5F-1_S183_L001_R2_001.fastq.gz
seq260612_DR8PG,T-110723-16S-c-61F-1,DR8PG2-T-110723-16S-c-61F-1_S203_L001_R1_001.fastq.gz,DR8PG2-T-110723-16S-c-61F-1_S203_L001_R2_001.fastq.gz
seq260612_DR8PG,T-110723-16S-c-66F-1,DR8PG2-T-110723-16S-c-66F-1_S204_L001_R1_001.fastq.gz,DR8PG2-T-110723-16S-c-66F-1_S204_L001_R2_001.fastq.gz
seq260612_DR8PG,T-110723-16S-c-68F-1,DR8PG2-T-110723-16S-c-68F-1_S205_L001_R1_001.fastq.gz,DR8PG2-T-110723-16S-c-68F-1_S205_L001_R2_001.fastq.gz
seq260612_DR8PG,T-110723-16S-c-72F-1,DR8PG2-T-110723-16S-c-72F-1_S206_L001_R1_001.fastq.gz,DR8PG2-T-110723-16S-c-72F-1_S206_L001_R2_001.fastq.gz
seq260612_DR8PG,T-110723-16S-c-75F-1,DR8PG2-T-110723-16S-c-75F-1_S207_L001_R1_001.fastq.gz,DR8PG2-T-110723-16S-c-75F-1_S207_L001_R2_001.fastq.gz
seq260612_DR8PG,T-110723-16S-c-80F-1,DR8PG2-T-110723-16S-c-80F-1_S208_L001_R1_001.fastq.gz,DR8PG2-T-110723-16S-c-80F-1_S208_L001_R2_001.fastq.gz
seq260612_DR8PG,T-110723-16S-c-81F-1,DR8PG2-T-110723-16S-c-81F-1_S209_L001_R1_001.fastq.gz,DR8PG2-T-110723-16S-c-81F-1_S209_L001_R2_001.fastq.gz
seq260612_DR8PG,T-110723-16S-c-82F-1,DR8PG2-T-110723-16S-c-82F-1_S210_L001_R1_001.fastq.gz,DR8PG2-T-110723-16S-c-82F-1_S210_L001_R2_001.fastq.gz
seq260612_DR8PG,T-110723-16S-c-87F-1,DR8PG2-T-110723-16S-c-87F-1_S211_L001_R1_001.fastq.gz,DR8PG2-T-110723-16S-c-87F-1_S211_L001_R2_001.fastq.gz
seq260612_DR8PG,T-110723-16S-c-88F-1,DR8PG2-T-110723-16S-c-88F-1_S212_L001_R1_001.fastq.gz,DR8PG2-T-110723-16S-c-88F-1_S212_L001_R2_001.fastq.gz
seq260612_DR8PG,T-110723-16S-c-89F-1,DR8PG2-T-110723-16S-c-89F-1_S213_L001_R1_001.fastq.gz,DR8PG2-T-110723-16S-c-89F-1_S213_L001_R2_001.fastq.gz
seq260612_DR8PG,T-110723-16S-c-91F-1,DR8PG2-T-110723-16S-c-91F-1_S214_L001_R1_001.fastq.gz,DR8PG2-T-110723-16S-c-91F-1_S214_L001_R2_001.fastq.gz
seq260612_DR8PG,T-110723-16S-c-98F-1,DR8PG2-T-110723-16S-c-98F-1_S215_L001_R1_001.fastq.gz,DR8PG2-T-110723-16S-c-98F-1_S215_L001_R2_001.fastq.gz
seq260612_DR8PG,T-110723-16S-c-9F-1,DR8PG2-T-110723-16S-c-9F-1_S184_L001_R1_001.fastq.gz,DR8PG2-T-110723-16S-c-9F-1_S184_L001_R2_001.fastq.gz
seq260612_DR8PG,T-110723-ITS-s-61G,DR8PG2-T-110723-ITS-s-61G_S272_L001_R1_001.fastq.gz,DR8PG2-T-110723-ITS-s-61G_S272_L001_R2_001.fastq.gz
seq260612_DR8PG,T-110723-ITS-s-66G,DR8PG2-T-110723-ITS-s-66G_S273_L001_R1_001.fastq.gz,DR8PG2-T-110723-ITS-s-66G_S273_L001_R2_001.fastq.gz
seq260612_DR8PG,T-130623-16S-c-100C-1,DR8PG2-T-130623-16S-c-100C-1_S111_L001_R1_001.fastq.gz,DR8PG2-T-130623-16S-c-100C-1_S111_L001_R2_001.fastq.gz
seq260612_DR8PG,T-130623-16S-c-104C-1,DR8PG2-T-130623-16S-c-104C-1_S112_L001_R1_001.fastq.gz,DR8PG2-T-130623-16S-c-104C-1_S112_L001_R2_001.fastq.gz
seq260612_DR8PG,T-130623-16S-c-107C-1,DR8PG2-T-130623-16S-c-107C-1_S113_L001_R1_001.fastq.gz,DR8PG2-T-130623-16S-c-107C-1_S113_L001_R2_001.fastq.gz
seq260612_DR8PG,T-130623-16S-c-53C-1,DR8PG2-T-130623-16S-c-53C-1_S95_L001_R1_001.fastq.gz,DR8PG2-T-130623-16S-c-53C-1_S95_L001_R2_001.fastq.gz
seq260612_DR8PG,T-130623-16S-c-55C-1,DR8PG2-T-130623-16S-c-55C-1_S96_L001_R1_001.fastq.gz,DR8PG2-T-130623-16S-c-55C-1_S96_L001_R2_001.fastq.gz
seq260612_DR8PG,T-130623-16S-c-59C-1,DR8PG2-T-130623-16S-c-59C-1_S97_L001_R1_001.fastq.gz,DR8PG2-T-130623-16S-c-59C-1_S97_L001_R2_001.fastq.gz
seq260612_DR8PG,T-130623-16S-c-61C-1,DR8PG2-T-130623-16S-c-61C-1_S98_L001_R1_001.fastq.gz,DR8PG2-T-130623-16S-c-61C-1_S98_L001_R2_001.fastq.gz
seq260612_DR8PG,T-130623-16S-c-66C-1,DR8PG2-T-130623-16S-c-66C-1_S99_L001_R1_001.fastq.gz,DR8PG2-T-130623-16S-c-66C-1_S99_L001_R2_001.fastq.gz
seq260612_DR8PG,T-130623-16S-c-68C-1,DR8PG2-T-130623-16S-c-68C-1_S100_L001_R1_001.fastq.gz,DR8PG2-T-130623-16S-c-68C-1_S100_L001_R2_001.fastq.gz
seq260612_DR8PG,T-130623-16S-c-72C-1,DR8PG2-T-130623-16S-c-72C-1_S101_L001_R1_001.fastq.gz,DR8PG2-T-130623-16S-c-72C-1_S101_L001_R2_001.fastq.gz
seq260612_DR8PG,T-130623-16S-c-75C-1,DR8PG2-T-130623-16S-c-75C-1_S102_L001_R1_001.fastq.gz,DR8PG2-T-130623-16S-c-75C-1_S102_L001_R2_001.fastq.gz
seq260612_DR8PG,T-130623-16S-c-80C-1,DR8PG2-T-130623-16S-c-80C-1_S103_L001_R1_001.fastq.gz,DR8PG2-T-130623-16S-c-80C-1_S103_L001_R2_001.fastq.gz
seq260612_DR8PG,T-130623-16S-c-81C-1,DR8PG2-T-130623-16S-c-81C-1_S104_L001_R1_001.fastq.gz,DR8PG2-T-130623-16S-c-81C-1_S104_L001_R2_001.fastq.gz
seq260612_DR8PG,T-130623-16S-c-82C-1,DR8PG2-T-130623-16S-c-82C-1_S105_L001_R1_001.fastq.gz,DR8PG2-T-130623-16S-c-82C-1_S105_L001_R2_001.fastq.gz
seq260612_DR8PG,T-130623-16S-c-87C-1,DR8PG2-T-130623-16S-c-87C-1_S106_L001_R1_001.fastq.gz,DR8PG2-T-130623-16S-c-87C-1_S106_L001_R2_001.fastq.gz
seq260612_DR8PG,T-130623-16S-c-88C-1,DR8PG2-T-130623-16S-c-88C-1_S107_L001_R1_001.fastq.gz,DR8PG2-T-130623-16S-c-88C-1_S107_L001_R2_001.fastq.gz
seq260612_DR8PG,T-130623-16S-c-89C-1,DR8PG2-T-130623-16S-c-89C-1_S108_L001_R1_001.fastq.gz,DR8PG2-T-130623-16S-c-89C-1_S108_L001_R2_001.fastq.gz
seq260612_DR8PG,T-130623-16S-c-91C-1,DR8PG2-T-130623-16S-c-91C-1_S109_L001_R1_001.fastq.gz,DR8PG2-T-130623-16S-c-91C-1_S109_L001_R2_001.fastq.gz
seq260612_DR8PG,T-130623-16S-c-98C-1,DR8PG2-T-130623-16S-c-98C-1_S110_L001_R1_001.fastq.gz,DR8PG2-T-130623-16S-c-98C-1_S110_L001_R2_001.fastq.gz
seq260612_DR8PG,T-130623-ITS-c-10C-1,DR8PG2-T-130623-ITS-c-10C-1_S79_L001_R1_001.fastq.gz,DR8PG2-T-130623-ITS-c-10C-1_S79_L001_R2_001.fastq.gz
seq260612_DR8PG,T-130623-ITS-c-17C-1,DR8PG2-T-130623-ITS-c-17C-1_S80_L001_R1_001.fastq.gz,DR8PG2-T-130623-ITS-c-17C-1_S80_L001_R2_001.fastq.gz
seq260612_DR8PG,T-130623-ITS-c-18C-1,DR8PG2-T-130623-ITS-c-18C-1_S81_L001_R1_001.fastq.gz,DR8PG2-T-130623-ITS-c-18C-1_S81_L001_R2_001.fastq.gz
seq260612_DR8PG,T-130623-ITS-c-22C-1,DR8PG2-T-130623-ITS-c-22C-1_S82_L001_R1_001.fastq.gz,DR8PG2-T-130623-ITS-c-22C-1_S82_L001_R2_001.fastq.gz
seq260612_DR8PG,T-130623-ITS-c-24C-1,DR8PG2-T-130623-ITS-c-24C-1_S83_L001_R1_001.fastq.gz,DR8PG2-T-130623-ITS-c-24C-1_S83_L001_R2_001.fastq.gz
seq260612_DR8PG,T-130623-ITS-c-25C-1,DR8PG2-T-130623-ITS-c-25C-1_S84_L001_R1_001.fastq.gz,DR8PG2-T-130623-ITS-c-25C-1_S84_L001_R2_001.fastq.gz
seq260612_DR8PG,T-130623-ITS-c-26C-1,DR8PG2-T-130623-ITS-c-26C-1_S85_L001_R1_001.fastq.gz,DR8PG2-T-130623-ITS-c-26C-1_S85_L001_R2_001.fastq.gz
seq260612_DR8PG,T-130623-ITS-c-28C-1,DR8PG2-T-130623-ITS-c-28C-1_S86_L001_R1_001.fastq.gz,DR8PG2-T-130623-ITS-c-28C-1_S86_L001_R2_001.fastq.gz
seq260612_DR8PG,T-130623-ITS-c-35C-1,DR8PG2-T-130623-ITS-c-35C-1_S87_L001_R1_001.fastq.gz,DR8PG2-T-130623-ITS-c-35C-1_S87_L001_R2_001.fastq.gz
seq260612_DR8PG,T-130623-ITS-c-37C-1,DR8PG2-T-130623-ITS-c-37C-1_S88_L001_R1_001.fastq.gz,DR8PG2-T-130623-ITS-c-37C-1_S88_L001_R2_001.fastq.gz
seq260612_DR8PG,T-130623-ITS-c-38C-1,DR8PG2-T-130623-ITS-c-38C-1_S89_L001_R1_001.fastq.gz,DR8PG2-T-130623-ITS-c-38C-1_S89_L001_R2_001.fastq.gz
seq260612_DR8PG,T-130623-ITS-c-3C-1,DR8PG2-T-130623-ITS-c-3C-1_S76_L001_R1_001.fastq.gz,DR8PG2-T-130623-ITS-c-3C-1_S76_L001_R2_001.fastq.gz
seq260612_DR8PG,T-130623-ITS-c-41C-1,DR8PG2-T-130623-ITS-c-41C-1_S90_L001_R1_001.fastq.gz,DR8PG2-T-130623-ITS-c-41C-1_S90_L001_R2_001.fastq.gz
seq260612_DR8PG,T-130623-ITS-c-44C-1,DR8PG2-T-130623-ITS-c-44C-1_S91_L001_R1_001.fastq.gz,DR8PG2-T-130623-ITS-c-44C-1_S91_L001_R2_001.fastq.gz
seq260612_DR8PG,T-130623-ITS-c-51C-1,DR8PG2-T-130623-ITS-c-51C-1_S92_L001_R1_001.fastq.gz,DR8PG2-T-130623-ITS-c-51C-1_S92_L001_R2_001.fastq.gz
seq260612_DR8PG,T-130623-ITS-c-5C-1,DR8PG2-T-130623-ITS-c-5C-1_S77_L001_R1_001.fastq.gz,DR8PG2-T-130623-ITS-c-5C-1_S77_L001_R2_001.fastq.gz
seq260612_DR8PG,T-130623-ITS-c-9C-1,DR8PG2-T-130623-ITS-c-9C-1_S78_L001_R1_001.fastq.gz,DR8PG2-T-130623-ITS-c-9C-1_S78_L001_R2_001.fastq.gz
seq260612_DR8PG,T-180723-16S-c-100G-1,DR8PG2-T-180723-16S-c-100G-1_S252_L001_R1_001.fastq.gz,DR8PG2-T-180723-16S-c-100G-1_S252_L001_R2_001.fastq.gz
seq260612_DR8PG,T-180723-16S-c-107G-1,DR8PG2-T-180723-16S-c-107G-1_S253_L001_R1_001.fastq.gz,DR8PG2-T-180723-16S-c-107G-1_S253_L001_R2_001.fastq.gz
seq260612_DR8PG,T-180723-16S-c-10G-1,DR8PG2-T-180723-16S-c-10G-1_S222_L001_R1_001.fastq.gz,DR8PG2-T-180723-16S-c-10G-1_S222_L001_R2_001.fastq.gz
seq260612_DR8PG,T-180723-16S-c-17G-1,DR8PG2-T-180723-16S-c-17G-1_S223_L001_R1_001.fastq.gz,DR8PG2-T-180723-16S-c-17G-1_S223_L001_R2_001.fastq.gz
seq260612_DR8PG,T-180723-16S-c-18G-1,DR8PG2-T-180723-16S-c-18G-1_S224_L001_R1_001.fastq.gz,DR8PG2-T-180723-16S-c-18G-1_S224_L001_R2_001.fastq.gz
seq260612_DR8PG,T-180723-16S-c-22G-1,DR8PG2-T-180723-16S-c-22G-1_S225_L001_R1_001.fastq.gz,DR8PG2-T-180723-16S-c-22G-1_S225_L001_R2_001.fastq.gz
seq260612_DR8PG,T-180723-16S-c-24G-1,DR8PG2-T-180723-16S-c-24G-1_S226_L001_R1_001.fastq.gz,DR8PG2-T-180723-16S-c-24G-1_S226_L001_R2_001.fastq.gz
seq260612_DR8PG,T-180723-16S-c-25G-1,DR8PG2-T-180723-16S-c-25G-1_S227_L001_R1_001.fastq.gz,DR8PG2-T-180723-16S-c-25G-1_S227_L001_R2_001.fastq.gz
seq260612_DR8PG,T-180723-16S-c-26G-1,DR8PG2-T-180723-16S-c-26G-1_S228_L001_R1_001.fastq.gz,DR8PG2-T-180723-16S-c-26G-1_S228_L001_R2_001.fastq.gz
seq260612_DR8PG,T-180723-16S-c-28G-1,DR8PG2-T-180723-16S-c-28G-1_S229_L001_R1_001.fastq.gz,DR8PG2-T-180723-16S-c-28G-1_S229_L001_R2_001.fastq.gz
seq260612_DR8PG,T-180723-16S-c-35G-1,DR8PG2-T-180723-16S-c-35G-1_S230_L001_R1_001.fastq.gz,DR8PG2-T-180723-16S-c-35G-1_S230_L001_R2_001.fastq.gz
seq260612_DR8PG,T-180723-16S-c-37G-1,DR8PG2-T-180723-16S-c-37G-1_S231_L001_R1_001.fastq.gz,DR8PG2-T-180723-16S-c-37G-1_S231_L001_R2_001.fastq.gz
seq260612_DR8PG,T-180723-16S-c-38G-1,DR8PG2-T-180723-16S-c-38G-1_S232_L001_R1_001.fastq.gz,DR8PG2-T-180723-16S-c-38G-1_S232_L001_R2_001.fastq.gz
seq260612_DR8PG,T-180723-16S-c-3G-1,DR8PG2-T-180723-16S-c-3G-1_S219_L001_R1_001.fastq.gz,DR8PG2-T-180723-16S-c-3G-1_S219_L001_R2_001.fastq.gz
seq260612_DR8PG,T-180723-16S-c-41G-1,DR8PG2-T-180723-16S-c-41G-1_S233_L001_R1_001.fastq.gz,DR8PG2-T-180723-16S-c-41G-1_S233_L001_R2_001.fastq.gz
seq260612_DR8PG,T-180723-16S-c-44G-1,DR8PG2-T-180723-16S-c-44G-1_S234_L001_R1_001.fastq.gz,DR8PG2-T-180723-16S-c-44G-1_S234_L001_R2_001.fastq.gz
seq260612_DR8PG,T-180723-16S-c-51G-1,DR8PG2-T-180723-16S-c-51G-1_S235_L001_R1_001.fastq.gz,DR8PG2-T-180723-16S-c-51G-1_S235_L001_R2_001.fastq.gz
seq260612_DR8PG,T-180723-16S-c-53G-1,DR8PG2-T-180723-16S-c-53G-1_S236_L001_R1_001.fastq.gz,DR8PG2-T-180723-16S-c-53G-1_S236_L001_R2_001.fastq.gz
seq260612_DR8PG,T-180723-16S-c-55G-1,DR8PG2-T-180723-16S-c-55G-1_S237_L001_R1_001.fastq.gz,DR8PG2-T-180723-16S-c-55G-1_S237_L001_R2_001.fastq.gz
seq260612_DR8PG,T-180723-16S-c-59G-1,DR8PG2-T-180723-16S-c-59G-1_S238_L001_R1_001.fastq.gz,DR8PG2-T-180723-16S-c-59G-1_S238_L001_R2_001.fastq.gz
seq260612_DR8PG,T-180723-16S-c-5G-1,DR8PG2-T-180723-16S-c-5G-1_S220_L001_R1_001.fastq.gz,DR8PG2-T-180723-16S-c-5G-1_S220_L001_R2_001.fastq.gz
seq260612_DR8PG,T-180723-16S-c-61G-1,DR8PG2-T-180723-16S-c-61G-1_S239_L001_R1_001.fastq.gz,DR8PG2-T-180723-16S-c-61G-1_S239_L001_R2_001.fastq.gz
seq260612_DR8PG,T-180723-16S-c-66G-1,DR8PG2-T-180723-16S-c-66G-1_S240_L001_R1_001.fastq.gz,DR8PG2-T-180723-16S-c-66G-1_S240_L001_R2_001.fastq.gz
seq260612_DR8PG,T-180723-16S-c-68G-1,DR8PG2-T-180723-16S-c-68G-1_S241_L001_R1_001.fastq.gz,DR8PG2-T-180723-16S-c-68G-1_S241_L001_R2_001.fastq.gz
seq260612_DR8PG,T-180723-16S-c-72G-1,DR8PG2-T-180723-16S-c-72G-1_S242_L001_R1_001.fastq.gz,DR8PG2-T-180723-16S-c-72G-1_S242_L001_R2_001.fastq.gz
seq260612_DR8PG,T-180723-16S-c-75G-1,DR8PG2-T-180723-16S-c-75G-1_S243_L001_R1_001.fastq.gz,DR8PG2-T-180723-16S-c-75G-1_S243_L001_R2_001.fastq.gz
seq260612_DR8PG,T-180723-16S-c-80G-1,DR8PG2-T-180723-16S-c-80G-1_S244_L001_R1_001.fastq.gz,DR8PG2-T-180723-16S-c-80G-1_S244_L001_R2_001.fastq.gz
seq260612_DR8PG,T-180723-16S-c-81G-1,DR8PG2-T-180723-16S-c-81G-1_S245_L001_R1_001.fastq.gz,DR8PG2-T-180723-16S-c-81G-1_S245_L001_R2_001.fastq.gz
seq260612_DR8PG,T-180723-16S-c-82G-1,DR8PG2-T-180723-16S-c-82G-1_S246_L001_R1_001.fastq.gz,DR8PG2-T-180723-16S-c-82G-1_S246_L001_R2_001.fastq.gz
seq260612_DR8PG,T-180723-16S-c-87G-1,DR8PG2-T-180723-16S-c-87G-1_S247_L001_R1_001.fastq.gz,DR8PG2-T-180723-16S-c-87G-1_S247_L001_R2_001.fastq.gz
seq260612_DR8PG,T-180723-16S-c-88G-1,DR8PG2-T-180723-16S-c-88G-1_S248_L001_R1_001.fastq.gz,DR8PG2-T-180723-16S-c-88G-1_S248_L001_R2_001.fastq.gz
seq260612_DR8PG,T-180723-16S-c-89G-1,DR8PG2-T-180723-16S-c-89G-1_S249_L001_R1_001.fastq.gz,DR8PG2-T-180723-16S-c-89G-1_S249_L001_R2_001.fastq.gz
seq260612_DR8PG,T-180723-16S-c-91G-1,DR8PG2-T-180723-16S-c-91G-1_S250_L001_R1_001.fastq.gz,DR8PG2-T-180723-16S-c-91G-1_S250_L001_R2_001.fastq.gz
seq260612_DR8PG,T-180723-16S-c-98G-1,DR8PG2-T-180723-16S-c-98G-1_S251_L001_R1_001.fastq.gz,DR8PG2-T-180723-16S-c-98G-1_S251_L001_R2_001.fastq.gz
seq260612_DR8PG,T-180723-16S-c-9G-1,DR8PG2-T-180723-16S-c-9G-1_S221_L001_R1_001.fastq.gz,DR8PG2-T-180723-16S-c-9G-1_S221_L001_R2_001.fastq.gz
seq260612_DR8PG,T-180723-16S-c-P4-neg,DR8PG2-T-180723-16S-c-P4-neg_S254_L001_R1_001.fastq.gz,DR8PG2-T-180723-16S-c-P4-neg_S254_L001_R2_001.fastq.gz
seq260612_DR8PG,T-180723-16S-c-P4-pos,DR8PG2-T-180723-16S-c-P4-pos_S255_L001_R1_001.fastq.gz,DR8PG2-T-180723-16S-c-P4-pos_S255_L001_R2_001.fastq.gz
seq260612_DR8PG,T-180723-16S-s-100H,DR8PG2-T-180723-16S-s-100H_S292_L001_R1_001.fastq.gz,DR8PG2-T-180723-16S-s-100H_S292_L001_R2_001.fastq.gz
seq260612_DR8PG,T-180723-16S-s-104H,DR8PG2-T-180723-16S-s-104H_S293_L001_R1_001.fastq.gz,DR8PG2-T-180723-16S-s-104H_S293_L001_R2_001.fastq.gz
seq260612_DR8PG,T-180723-16S-s-107H,DR8PG2-T-180723-16S-s-107H_S294_L001_R1_001.fastq.gz,DR8PG2-T-180723-16S-s-107H_S294_L001_R2_001.fastq.gz
seq260612_DR8PG,T-180723-16S-s-61H,DR8PG2-T-180723-16S-s-61H_S279_L001_R1_001.fastq.gz,DR8PG2-T-180723-16S-s-61H_S279_L001_R2_001.fastq.gz
seq260612_DR8PG,T-180723-16S-s-66H,DR8PG2-T-180723-16S-s-66H_S280_L001_R1_001.fastq.gz,DR8PG2-T-180723-16S-s-66H_S280_L001_R2_001.fastq.gz
seq260612_DR8PG,T-180723-16S-s-68H,DR8PG2-T-180723-16S-s-68H_S281_L001_R1_001.fastq.gz,DR8PG2-T-180723-16S-s-68H_S281_L001_R2_001.fastq.gz
seq260612_DR8PG,T-180723-16S-s-72H,DR8PG2-T-180723-16S-s-72H_S282_L001_R1_001.fastq.gz,DR8PG2-T-180723-16S-s-72H_S282_L001_R2_001.fastq.gz
seq260612_DR8PG,T-180723-16S-s-75H,DR8PG2-T-180723-16S-s-75H_S283_L001_R1_001.fastq.gz,DR8PG2-T-180723-16S-s-75H_S283_L001_R2_001.fastq.gz
seq260612_DR8PG,T-180723-16S-s-80H,DR8PG2-T-180723-16S-s-80H_S284_L001_R1_001.fastq.gz,DR8PG2-T-180723-16S-s-80H_S284_L001_R2_001.fastq.gz
seq260612_DR8PG,T-180723-16S-s-81H,DR8PG2-T-180723-16S-s-81H_S285_L001_R1_001.fastq.gz,DR8PG2-T-180723-16S-s-81H_S285_L001_R2_001.fastq.gz
seq260612_DR8PG,T-180723-16S-s-82H,DR8PG2-T-180723-16S-s-82H_S286_L001_R1_001.fastq.gz,DR8PG2-T-180723-16S-s-82H_S286_L001_R2_001.fastq.gz
seq260612_DR8PG,T-180723-16S-s-87H,DR8PG2-T-180723-16S-s-87H_S287_L001_R1_001.fastq.gz,DR8PG2-T-180723-16S-s-87H_S287_L001_R2_001.fastq.gz
seq260612_DR8PG,T-180723-16S-s-88H,DR8PG2-T-180723-16S-s-88H_S288_L001_R1_001.fastq.gz,DR8PG2-T-180723-16S-s-88H_S288_L001_R2_001.fastq.gz
seq260612_DR8PG,T-180723-16S-s-89H,DR8PG2-T-180723-16S-s-89H_S289_L001_R1_001.fastq.gz,DR8PG2-T-180723-16S-s-89H_S289_L001_R2_001.fastq.gz
seq260612_DR8PG,T-180723-16S-s-91H,DR8PG2-T-180723-16S-s-91H_S290_L001_R1_001.fastq.gz,DR8PG2-T-180723-16S-s-91H_S290_L001_R2_001.fastq.gz
seq260612_DR8PG,T-180723-16S-s-98H,DR8PG2-T-180723-16S-s-98H_S291_L001_R1_001.fastq.gz,DR8PG2-T-180723-16S-s-98H_S291_L001_R2_001.fastq.gz
seq260612_DR8PG,T-180723-ITS-s-100H,DR8PG2-T-180723-ITS-s-100H_S269_L001_R1_001.fastq.gz,DR8PG2-T-180723-ITS-s-100H_S269_L001_R2_001.fastq.gz
seq260612_DR8PG,T-180723-ITS-s-104H,DR8PG2-T-180723-ITS-s-104H_S270_L001_R1_001.fastq.gz,DR8PG2-T-180723-ITS-s-104H_S270_L001_R2_001.fastq.gz
seq260612_DR8PG,T-180723-ITS-s-107H,DR8PG2-T-180723-ITS-s-107H_S271_L001_R1_001.fastq.gz,DR8PG2-T-180723-ITS-s-107H_S271_L001_R2_001.fastq.gz
seq260612_DR8PG,T-180723-ITS-s-22H,DR8PG2-T-180723-ITS-s-22H_S274_L001_R1_001.fastq.gz,DR8PG2-T-180723-ITS-s-22H_S274_L001_R2_001.fastq.gz
seq260612_DR8PG,T-180723-ITS-s-24H,DR8PG2-T-180723-ITS-s-24H_S275_L001_R1_001.fastq.gz,DR8PG2-T-180723-ITS-s-24H_S275_L001_R2_001.fastq.gz
seq260612_DR8PG,T-180723-ITS-s-59H,DR8PG2-T-180723-ITS-s-59H_S276_L001_R1_001.fastq.gz,DR8PG2-T-180723-ITS-s-59H_S276_L001_R2_001.fastq.gz
seq260612_DR8PG,T-180723-ITS-s-61H,DR8PG2-T-180723-ITS-s-61H_S256_L001_R1_001.fastq.gz,DR8PG2-T-180723-ITS-s-61H_S256_L001_R2_001.fastq.gz
seq260612_DR8PG,T-180723-ITS-s-66H,DR8PG2-T-180723-ITS-s-66H_S257_L001_R1_001.fastq.gz,DR8PG2-T-180723-ITS-s-66H_S257_L001_R2_001.fastq.gz
seq260612_DR8PG,T-180723-ITS-s-68H,DR8PG2-T-180723-ITS-s-68H_S258_L001_R1_001.fastq.gz,DR8PG2-T-180723-ITS-s-68H_S258_L001_R2_001.fastq.gz
seq260612_DR8PG,T-180723-ITS-s-72H,DR8PG2-T-180723-ITS-s-72H_S259_L001_R1_001.fastq.gz,DR8PG2-T-180723-ITS-s-72H_S259_L001_R2_001.fastq.gz
seq260612_DR8PG,T-180723-ITS-s-75H,DR8PG2-T-180723-ITS-s-75H_S260_L001_R1_001.fastq.gz,DR8PG2-T-180723-ITS-s-75H_S260_L001_R2_001.fastq.gz
seq260612_DR8PG,T-180723-ITS-s-80H,DR8PG2-T-180723-ITS-s-80H_S261_L001_R1_001.fastq.gz,DR8PG2-T-180723-ITS-s-80H_S261_L001_R2_001.fastq.gz
seq260612_DR8PG,T-180723-ITS-s-81H,DR8PG2-T-180723-ITS-s-81H_S262_L001_R1_001.fastq.gz,DR8PG2-T-180723-ITS-s-81H_S262_L001_R2_001.fastq.gz
seq260612_DR8PG,T-180723-ITS-s-82H,DR8PG2-T-180723-ITS-s-82H_S263_L001_R1_001.fastq.gz,DR8PG2-T-180723-ITS-s-82H_S263_L001_R2_001.fastq.gz
seq260612_DR8PG,T-180723-ITS-s-87H,DR8PG2-T-180723-ITS-s-87H_S264_L001_R1_001.fastq.gz,DR8PG2-T-180723-ITS-s-87H_S264_L001_R2_001.fastq.gz
seq260612_DR8PG,T-180723-ITS-s-88H,DR8PG2-T-180723-ITS-s-88H_S265_L001_R1_001.fastq.gz,DR8PG2-T-180723-ITS-s-88H_S265_L001_R2_001.fastq.gz
seq260612_DR8PG,T-180723-ITS-s-89H,DR8PG2-T-180723-ITS-s-89H_S266_L001_R1_001.fastq.gz,DR8PG2-T-180723-ITS-s-89H_S266_L001_R2_001.fastq.gz
seq260612_DR8PG,T-180723-ITS-s-91H,DR8PG2-T-180723-ITS-s-91H_S267_L001_R1_001.fastq.gz,DR8PG2-T-180723-ITS-s-91H_S267_L001_R2_001.fastq.gz
seq260612_DR8PG,T-180723-ITS-s-98H,DR8PG2-T-180723-ITS-s-98H_S268_L001_R1_001.fastq.gz,DR8PG2-T-180723-ITS-s-98H_S268_L001_R2_001.fastq.gz
seq260612_DR8PG,T-200623-16S-c-100D-1,DR8PG2-T-200623-16S-c-100D-1_S145_L001_R1_001.fastq.gz,DR8PG2-T-200623-16S-c-100D-1_S145_L001_R2_001.fastq.gz
seq260612_DR8PG,T-200623-16S-c-104D-1,DR8PG2-T-200623-16S-c-104D-1_S146_L001_R1_001.fastq.gz,DR8PG2-T-200623-16S-c-104D-1_S146_L001_R2_001.fastq.gz
seq260612_DR8PG,T-200623-16S-c-107D-1,DR8PG2-T-200623-16S-c-107D-1_S147_L001_R1_001.fastq.gz,DR8PG2-T-200623-16S-c-107D-1_S147_L001_R2_001.fastq.gz
seq260612_DR8PG,T-200623-16S-c-10D-1,DR8PG2-T-200623-16S-c-10D-1_S117_L001_R1_001.fastq.gz,DR8PG2-T-200623-16S-c-10D-1_S117_L001_R2_001.fastq.gz
seq260612_DR8PG,T-200623-16S-c-17D-1,DR8PG2-T-200623-16S-c-17D-1_S118_L001_R1_001.fastq.gz,DR8PG2-T-200623-16S-c-17D-1_S118_L001_R2_001.fastq.gz
seq260612_DR8PG,T-200623-16S-c-18D-1,DR8PG2-T-200623-16S-c-18D-1_S119_L001_R1_001.fastq.gz,DR8PG2-T-200623-16S-c-18D-1_S119_L001_R2_001.fastq.gz
seq260612_DR8PG,T-200623-16S-c-22D-1,DR8PG2-T-200623-16S-c-22D-1_S120_L001_R1_001.fastq.gz,DR8PG2-T-200623-16S-c-22D-1_S120_L001_R2_001.fastq.gz
seq260612_DR8PG,T-200623-16S-c-25D-1,DR8PG2-T-200623-16S-c-25D-1_S121_L001_R1_001.fastq.gz,DR8PG2-T-200623-16S-c-25D-1_S121_L001_R2_001.fastq.gz
seq260612_DR8PG,T-200623-16S-c-26D-1,DR8PG2-T-200623-16S-c-26D-1_S122_L001_R1_001.fastq.gz,DR8PG2-T-200623-16S-c-26D-1_S122_L001_R2_001.fastq.gz
seq260612_DR8PG,T-200623-16S-c-28D-1,DR8PG2-T-200623-16S-c-28D-1_S123_L001_R1_001.fastq.gz,DR8PG2-T-200623-16S-c-28D-1_S123_L001_R2_001.fastq.gz
seq260612_DR8PG,T-200623-16S-c-35D-1,DR8PG2-T-200623-16S-c-35D-1_S124_L001_R1_001.fastq.gz,DR8PG2-T-200623-16S-c-35D-1_S124_L001_R2_001.fastq.gz
seq260612_DR8PG,T-200623-16S-c-37D-1,DR8PG2-T-200623-16S-c-37D-1_S125_L001_R1_001.fastq.gz,DR8PG2-T-200623-16S-c-37D-1_S125_L001_R2_001.fastq.gz
seq260612_DR8PG,T-200623-16S-c-38D-1,DR8PG2-T-200623-16S-c-38D-1_S126_L001_R1_001.fastq.gz,DR8PG2-T-200623-16S-c-38D-1_S126_L001_R2_001.fastq.gz
seq260612_DR8PG,T-200623-16S-c-3D-1,DR8PG2-T-200623-16S-c-3D-1_S114_L001_R1_001.fastq.gz,DR8PG2-T-200623-16S-c-3D-1_S114_L001_R2_001.fastq.gz
seq260612_DR8PG,T-200623-16S-c-41D-1,DR8PG2-T-200623-16S-c-41D-1_S127_L001_R1_001.fastq.gz,DR8PG2-T-200623-16S-c-41D-1_S127_L001_R2_001.fastq.gz
seq260612_DR8PG,T-200623-16S-c-44D-1,DR8PG2-T-200623-16S-c-44D-1_S128_L001_R1_001.fastq.gz,DR8PG2-T-200623-16S-c-44D-1_S128_L001_R2_001.fastq.gz
seq260612_DR8PG,T-200623-16S-c-51D-1,DR8PG2-T-200623-16S-c-51D-1_S129_L001_R1_001.fastq.gz,DR8PG2-T-200623-16S-c-51D-1_S129_L001_R2_001.fastq.gz
seq260612_DR8PG,T-200623-16S-c-55D-1,DR8PG2-T-200623-16S-c-55D-1_S130_L001_R1_001.fastq.gz,DR8PG2-T-200623-16S-c-55D-1_S130_L001_R2_001.fastq.gz
seq260612_DR8PG,T-200623-16S-c-59D-1,DR8PG2-T-200623-16S-c-59D-1_S131_L001_R1_001.fastq.gz,DR8PG2-T-200623-16S-c-59D-1_S131_L001_R2_001.fastq.gz
seq260612_DR8PG,T-200623-16S-c-5D-1,DR8PG2-T-200623-16S-c-5D-1_S115_L001_R1_001.fastq.gz,DR8PG2-T-200623-16S-c-5D-1_S115_L001_R2_001.fastq.gz
seq260612_DR8PG,T-200623-16S-c-61D-1,DR8PG2-T-200623-16S-c-61D-1_S132_L001_R1_001.fastq.gz,DR8PG2-T-200623-16S-c-61D-1_S132_L001_R2_001.fastq.gz
seq260612_DR8PG,T-200623-16S-c-66D-1,DR8PG2-T-200623-16S-c-66D-1_S133_L001_R1_001.fastq.gz,DR8PG2-T-200623-16S-c-66D-1_S133_L001_R2_001.fastq.gz
seq260612_DR8PG,T-200623-16S-c-68D-1,DR8PG2-T-200623-16S-c-68D-1_S134_L001_R1_001.fastq.gz,DR8PG2-T-200623-16S-c-68D-1_S134_L001_R2_001.fastq.gz
seq260612_DR8PG,T-200623-16S-c-72D-1,DR8PG2-T-200623-16S-c-72D-1_S135_L001_R1_001.fastq.gz,DR8PG2-T-200623-16S-c-72D-1_S135_L001_R2_001.fastq.gz
seq260612_DR8PG,T-200623-16S-c-75D-1,DR8PG2-T-200623-16S-c-75D-1_S136_L001_R1_001.fastq.gz,DR8PG2-T-200623-16S-c-75D-1_S136_L001_R2_001.fastq.gz
seq260612_DR8PG,T-200623-16S-c-80D-1,DR8PG2-T-200623-16S-c-80D-1_S137_L001_R1_001.fastq.gz,DR8PG2-T-200623-16S-c-80D-1_S137_L001_R2_001.fastq.gz
seq260612_DR8PG,T-200623-16S-c-81D-1,DR8PG2-T-200623-16S-c-81D-1_S138_L001_R1_001.fastq.gz,DR8PG2-T-200623-16S-c-81D-1_S138_L001_R2_001.fastq.gz
seq260612_DR8PG,T-200623-16S-c-82D-1,DR8PG2-T-200623-16S-c-82D-1_S139_L001_R1_001.fastq.gz,DR8PG2-T-200623-16S-c-82D-1_S139_L001_R2_001.fastq.gz
seq260612_DR8PG,T-200623-16S-c-87D-1,DR8PG2-T-200623-16S-c-87D-1_S140_L001_R1_001.fastq.gz,DR8PG2-T-200623-16S-c-87D-1_S140_L001_R2_001.fastq.gz
seq260612_DR8PG,T-200623-16S-c-88D-1,DR8PG2-T-200623-16S-c-88D-1_S141_L001_R1_001.fastq.gz,DR8PG2-T-200623-16S-c-88D-1_S141_L001_R2_001.fastq.gz
seq260612_DR8PG,T-200623-16S-c-89D-1,DR8PG2-T-200623-16S-c-89D-1_S142_L001_R1_001.fastq.gz,DR8PG2-T-200623-16S-c-89D-1_S142_L001_R2_001.fastq.gz
seq260612_DR8PG,T-200623-16S-c-91D-1,DR8PG2-T-200623-16S-c-91D-1_S143_L001_R1_001.fastq.gz,DR8PG2-T-200623-16S-c-91D-1_S143_L001_R2_001.fastq.gz
seq260612_DR8PG,T-200623-16S-c-98D-1,DR8PG2-T-200623-16S-c-98D-1_S144_L001_R1_001.fastq.gz,DR8PG2-T-200623-16S-c-98D-1_S144_L001_R2_001.fastq.gz
seq260612_DR8PG,T-200623-16S-c-9D-1,DR8PG2-T-200623-16S-c-9D-1_S116_L001_R1_001.fastq.gz,DR8PG2-T-200623-16S-c-9D-1_S116_L001_R2_001.fastq.gz
seq260612_DR8PG,T-2023-16S-c-P3-neg,DR8PG2-T-2023-16S-c-P3-neg_S185_L001_R1_001.fastq.gz,DR8PG2-T-2023-16S-c-P3-neg_S185_L001_R2_001.fastq.gz
seq260612_DR8PG,T-2023-16S-c-P3-pos,DR8PG2-T-2023-16S-c-P3-pos_S186_L001_R1_001.fastq.gz,DR8PG2-T-2023-16S-c-P3-pos_S186_L001_R2_001.fastq.gz
seq260612_DR8PG,T-2023-16S-s-P2-neg,DR8PG2-T-2023-16S-s-P2-neg_S295_L001_R1_001.fastq.gz,DR8PG2-T-2023-16S-s-P2-neg_S295_L001_R2_001.fastq.gz
seq260612_DR8PG,T-2023-16S-s-P2-pos,DR8PG2-T-2023-16S-s-P2-pos_S296_L001_R1_001.fastq.gz,DR8PG2-T-2023-16S-s-P2-pos_S296_L001_R2_001.fastq.gz
seq260612_DR8PG,T-2023-ITS-c-P2-neg,DR8PG2-T-2023-ITS-c-P2-neg_S93_L001_R1_001.fastq.gz,DR8PG2-T-2023-ITS-c-P2-neg_S93_L001_R2_001.fastq.gz
seq260612_DR8PG,T-2023-ITS-c-P2-pos,DR8PG2-T-2023-ITS-c-P2-pos_S94_L001_R1_001.fastq.gz,DR8PG2-T-2023-ITS-c-P2-pos_S94_L001_R2_001.fastq.gz
seq260612_DR8PG,T-2023-ITS-s-P2-neg,DR8PG2-T-2023-ITS-s-P2-neg_S277_L001_R1_001.fastq.gz,DR8PG2-T-2023-ITS-s-P2-neg_S277_L001_R2_001.fastq.gz
seq260612_DR8PG,T-2023-ITS-s-P2-pos,DR8PG2-T-2023-ITS-s-P2-pos_S278_L001_R1_001.fastq.gz,DR8PG2-T-2023-ITS-s-P2-pos_S278_L001_R2_001.fastq.gz
seq260612_DR8PG,T-270623-ITS-c-100,DR8PG2-T-270623-ITS-c-100_S8_L001_R1_001.fastq.gz,DR8PG2-T-270623-ITS-c-100_S8_L001_R2_001.fastq.gz
seq260612_DR8PG,T-270623-ITS-c-101,DR8PG2-T-270623-ITS-c-101_S9_L001_R1_001.fastq.gz,DR8PG2-T-270623-ITS-c-101_S9_L001_R2_001.fastq.gz
seq260612_DR8PG,T-270623-ITS-c-102,DR8PG2-T-270623-ITS-c-102_S10_L001_R1_001.fastq.gz,DR8PG2-T-270623-ITS-c-102_S10_L001_R2_001.fastq.gz
seq260612_DR8PG,T-270623-ITS-c-103,DR8PG2-T-270623-ITS-c-103_S11_L001_R1_001.fastq.gz,DR8PG2-T-270623-ITS-c-103_S11_L001_R2_001.fastq.gz
seq260612_DR8PG,T-270623-ITS-c-104,DR8PG2-T-270623-ITS-c-104_S12_L001_R1_001.fastq.gz,DR8PG2-T-270623-ITS-c-104_S12_L001_R2_001.fastq.gz
seq260612_DR8PG,T-270623-ITS-c-105,DR8PG2-T-270623-ITS-c-105_S13_L001_R1_001.fastq.gz,DR8PG2-T-270623-ITS-c-105_S13_L001_R2_001.fastq.gz
seq260612_DR8PG,T-270623-ITS-c-106,DR8PG2-T-270623-ITS-c-106_S14_L001_R1_001.fastq.gz,DR8PG2-T-270623-ITS-c-106_S14_L001_R2_001.fastq.gz
seq260612_DR8PG,T-270623-ITS-c-107,DR8PG2-T-270623-ITS-c-107_S15_L001_R1_001.fastq.gz,DR8PG2-T-270623-ITS-c-107_S15_L001_R2_001.fastq.gz
seq260612_DR8PG,T-270623-ITS-c-108,DR8PG2-T-270623-ITS-c-108_S16_L001_R1_001.fastq.gz,DR8PG2-T-270623-ITS-c-108_S16_L001_R2_001.fastq.gz
seq260612_DR8PG,T-270623-ITS-c-93,DR8PG2-T-270623-ITS-c-93_S1_L001_R1_001.fastq.gz,DR8PG2-T-270623-ITS-c-93_S1_L001_R2_001.fastq.gz
seq260612_DR8PG,T-270623-ITS-c-94,DR8PG2-T-270623-ITS-c-94_S2_L001_R1_001.fastq.gz,DR8PG2-T-270623-ITS-c-94_S2_L001_R2_001.fastq.gz
seq260612_DR8PG,T-270623-ITS-c-95,DR8PG2-T-270623-ITS-c-95_S3_L001_R1_001.fastq.gz,DR8PG2-T-270623-ITS-c-95_S3_L001_R2_001.fastq.gz
seq260612_DR8PG,T-270623-ITS-c-96,DR8PG2-T-270623-ITS-c-96_S4_L001_R1_001.fastq.gz,DR8PG2-T-270623-ITS-c-96_S4_L001_R2_001.fastq.gz
seq260612_DR8PG,T-270623-ITS-c-97,DR8PG2-T-270623-ITS-c-97_S5_L001_R1_001.fastq.gz,DR8PG2-T-270623-ITS-c-97_S5_L001_R2_001.fastq.gz
seq260612_DR8PG,T-270623-ITS-c-98,DR8PG2-T-270623-ITS-c-98_S6_L001_R1_001.fastq.gz,DR8PG2-T-270623-ITS-c-98_S6_L001_R2_001.fastq.gz
seq260612_DR8PG,T-270623-ITS-c-99,DR8PG2-T-270623-ITS-c-99_S7_L001_R1_001.fastq.gz,DR8PG2-T-270623-ITS-c-99_S7_L001_R2_001.fastq.gz
seq260612_DR8PG,T-300523-ITS-c-100A-1,DR8PG2-T-300523-ITS-c-100A-1_S38_L001_R1_001.fastq.gz,DR8PG2-T-300523-ITS-c-100A-1_S38_L001_R2_001.fastq.gz
seq260612_DR8PG,T-300523-ITS-c-104A-1,DR8PG2-T-300523-ITS-c-104A-1_S39_L001_R1_001.fastq.gz,DR8PG2-T-300523-ITS-c-104A-1_S39_L001_R2_001.fastq.gz
seq260612_DR8PG,T-300523-ITS-c-107A-1,DR8PG2-T-300523-ITS-c-107A-1_S40_L001_R1_001.fastq.gz,DR8PG2-T-300523-ITS-c-107A-1_S40_L001_R2_001.fastq.gz
seq260612_DR8PG,T-300523-ITS-c-10A-1,DR8PG2-T-300523-ITS-c-10A-1_S20_L001_R1_001.fastq.gz,DR8PG2-T-300523-ITS-c-10A-1_S20_L001_R2_001.fastq.gz
seq260612_DR8PG,T-300523-ITS-c-25A-1,DR8PG2-T-300523-ITS-c-25A-1_S21_L001_R1_001.fastq.gz,DR8PG2-T-300523-ITS-c-25A-1_S21_L001_R2_001.fastq.gz
seq260612_DR8PG,T-300523-ITS-c-26A-1,DR8PG2-T-300523-ITS-c-26A-1_S22_L001_R1_001.fastq.gz,DR8PG2-T-300523-ITS-c-26A-1_S22_L001_R2_001.fastq.gz
seq260612_DR8PG,T-300523-ITS-c-28A-1,DR8PG2-T-300523-ITS-c-28A-1_S23_L001_R1_001.fastq.gz,DR8PG2-T-300523-ITS-c-28A-1_S23_L001_R2_001.fastq.gz
seq260612_DR8PG,T-300523-ITS-c-35A-1,DR8PG2-T-300523-ITS-c-35A-1_S24_L001_R1_001.fastq.gz,DR8PG2-T-300523-ITS-c-35A-1_S24_L001_R2_001.fastq.gz
seq260612_DR8PG,T-300523-ITS-c-3A-1,DR8PG2-T-300523-ITS-c-3A-1_S17_L001_R1_001.fastq.gz,DR8PG2-T-300523-ITS-c-3A-1_S17_L001_R2_001.fastq.gz
seq260612_DR8PG,T-300523-ITS-c-51A-1,DR8PG2-T-300523-ITS-c-51A-1_S25_L001_R1_001.fastq.gz,DR8PG2-T-300523-ITS-c-51A-1_S25_L001_R2_001.fastq.gz
seq260612_DR8PG,T-300523-ITS-c-53A-1,DR8PG2-T-300523-ITS-c-53A-1_S26_L001_R1_001.fastq.gz,DR8PG2-T-300523-ITS-c-53A-1_S26_L001_R2_001.fastq.gz
seq260612_DR8PG,T-300523-ITS-c-55A-1,DR8PG2-T-300523-ITS-c-55A-1_S27_L001_R1_001.fastq.gz,DR8PG2-T-300523-ITS-c-55A-1_S27_L001_R2_001.fastq.gz
seq260612_DR8PG,T-300523-ITS-c-59A-1,DR8PG2-T-300523-ITS-c-59A-1_S28_L001_R1_001.fastq.gz,DR8PG2-T-300523-ITS-c-59A-1_S28_L001_R2_001.fastq.gz
seq260612_DR8PG,T-300523-ITS-c-5A-1,DR8PG2-T-300523-ITS-c-5A-1_S18_L001_R1_001.fastq.gz,DR8PG2-T-300523-ITS-c-5A-1_S18_L001_R2_001.fastq.gz
seq260612_DR8PG,T-300523-ITS-c-61A-1,DR8PG2-T-300523-ITS-c-61A-1_S29_L001_R1_001.fastq.gz,DR8PG2-T-300523-ITS-c-61A-1_S29_L001_R2_001.fastq.gz
seq260612_DR8PG,T-300523-ITS-c-66A-1,DR8PG2-T-300523-ITS-c-66A-1_S30_L001_R1_001.fastq.gz,DR8PG2-T-300523-ITS-c-66A-1_S30_L001_R2_001.fastq.gz
seq260612_DR8PG,T-300523-ITS-c-68A-1,DR8PG2-T-300523-ITS-c-68A-1_S31_L001_R1_001.fastq.gz,DR8PG2-T-300523-ITS-c-68A-1_S31_L001_R2_001.fastq.gz
seq260612_DR8PG,T-300523-ITS-c-72A-1,DR8PG2-T-300523-ITS-c-72A-1_S32_L001_R1_001.fastq.gz,DR8PG2-T-300523-ITS-c-72A-1_S32_L001_R2_001.fastq.gz
seq260612_DR8PG,T-300523-ITS-c-87A-1,DR8PG2-T-300523-ITS-c-87A-1_S33_L001_R1_001.fastq.gz,DR8PG2-T-300523-ITS-c-87A-1_S33_L001_R2_001.fastq.gz
seq260612_DR8PG,T-300523-ITS-c-88A-1,DR8PG2-T-300523-ITS-c-88A-1_S34_L001_R1_001.fastq.gz,DR8PG2-T-300523-ITS-c-88A-1_S34_L001_R2_001.fastq.gz
seq260612_DR8PG,T-300523-ITS-c-89A-1,DR8PG2-T-300523-ITS-c-89A-1_S35_L001_R1_001.fastq.gz,DR8PG2-T-300523-ITS-c-89A-1_S35_L001_R2_001.fastq.gz
seq260612_DR8PG,T-300523-ITS-c-91A-1,DR8PG2-T-300523-ITS-c-91A-1_S36_L001_R1_001.fastq.gz,DR8PG2-T-300523-ITS-c-91A-1_S36_L001_R2_001.fastq.gz
seq260612_DR8PG,T-300523-ITS-c-98A-1,DR8PG2-T-300523-ITS-c-98A-1_S37_L001_R1_001.fastq.gz,DR8PG2-T-300523-ITS-c-98A-1_S37_L001_R2_001.fastq.gz
seq260612_DR8PG,T-300523-ITS-c-9A-1,DR8PG2-T-300523-ITS-c-9A-1_S19_L001_R1_001.fastq.gz,DR8PG2-T-300523-ITS-c-9A-1_S19_L001_R2_001.fastq.gz
seq260520_BRLUV,A-2023-16S-w-P8-neg,BRLUV2-A-2023-16S-w-P8-neg_S332_L001_R1_001.fastq.gz,BRLUV2-A-2023-16S-w-P8-neg_S332_L001_R2_001.fastq.gz
seq260520_BRLUV,A-2023-16S-w-P8-pos,BRLUV2-A-2023-16S-w-P8-pos_S333_L001_R1_001.fastq.gz,BRLUV2-A-2023-16S-w-P8-pos_S333_L001_R2_001.fastq.gz
seq260520_BRLUV,A-230622-16S-c-51-3,BRLUV2-A-230622-16S-c-51-3_S348_L001_R1_001.fastq.gz,BRLUV2-A-230622-16S-c-51-3_S348_L001_R2_001.fastq.gz
seq260520_BRLUV,A-230622-16S-c-51-4,BRLUV2-A-230622-16S-c-51-4_S352_L001_R1_001.fastq.gz,BRLUV2-A-230622-16S-c-51-4_S352_L001_R2_001.fastq.gz
seq260520_BRLUV,A-230622-16S-c-51-5,BRLUV2-A-230622-16S-c-51-5_S354_L001_R1_001.fastq.gz,BRLUV2-A-230622-16S-c-51-5_S354_L001_R2_001.fastq.gz
seq260520_BRLUV,A-230622-16S-c-51-6,BRLUV2-A-230622-16S-c-51-6_S337_L001_R1_001.fastq.gz,BRLUV2-A-230622-16S-c-51-6_S337_L001_R2_001.fastq.gz
seq260520_BRLUV,A-230622-16S-c-51-7,BRLUV2-A-230622-16S-c-51-7_S357_L001_R1_001.fastq.gz,BRLUV2-A-230622-16S-c-51-7_S357_L001_R2_001.fastq.gz
seq260520_BRLUV,A-230622-16S-c-52,BRLUV2-A-230622-16S-c-52_S345_L001_R1_001.fastq.gz,BRLUV2-A-230622-16S-c-52_S345_L001_R2_001.fastq.gz
seq260520_BRLUV,A-230622-16S-c-53,BRLUV2-A-230622-16S-c-53_S351_L001_R1_001.fastq.gz,BRLUV2-A-230622-16S-c-53_S351_L001_R2_001.fastq.gz
seq260520_BRLUV,A-230622-16S-c-54,BRLUV2-A-230622-16S-c-54_S340_L001_R1_001.fastq.gz,BRLUV2-A-230622-16S-c-54_S340_L001_R2_001.fastq.gz
seq260520_BRLUV,A-230622-16S-c-55,BRLUV2-A-230622-16S-c-55_S356_L001_R1_001.fastq.gz,BRLUV2-A-230622-16S-c-55_S356_L001_R2_001.fastq.gz
seq260520_BRLUV,A-230622-16S-c-56,BRLUV2-A-230622-16S-c-56_S350_L001_R1_001.fastq.gz,BRLUV2-A-230622-16S-c-56_S350_L001_R2_001.fastq.gz
seq260520_BRLUV,A-230622-16S-c-57,BRLUV2-A-230622-16S-c-57_S344_L001_R1_001.fastq.gz,BRLUV2-A-230622-16S-c-57_S344_L001_R2_001.fastq.gz
seq260520_BRLUV,A-230622-16S-c-58-1,BRLUV2-A-230622-16S-c-58-1_S349_L001_R1_001.fastq.gz,BRLUV2-A-230622-16S-c-58-1_S349_L001_R2_001.fastq.gz
seq260520_BRLUV,A-230622-16S-c-58-2,BRLUV2-A-230622-16S-c-58-2_S341_L001_R1_001.fastq.gz,BRLUV2-A-230622-16S-c-58-2_S341_L001_R2_001.fastq.gz
seq260520_BRLUV,A-230622-16S-c-58-3,BRLUV2-A-230622-16S-c-58-3_S338_L001_R1_001.fastq.gz,BRLUV2-A-230622-16S-c-58-3_S338_L001_R2_001.fastq.gz
seq260520_BRLUV,A-230622-16S-c-58-4,BRLUV2-A-230622-16S-c-58-4_S342_L001_R1_001.fastq.gz,BRLUV2-A-230622-16S-c-58-4_S342_L001_R2_001.fastq.gz
seq260520_BRLUV,A-230622-16S-c-58-5,BRLUV2-A-230622-16S-c-58-5_S339_L001_R1_001.fastq.gz,BRLUV2-A-230622-16S-c-58-5_S339_L001_R2_001.fastq.gz
seq260520_BRLUV,A-230622-16S-c-58-6,BRLUV2-A-230622-16S-c-58-6_S336_L001_R1_001.fastq.gz,BRLUV2-A-230622-16S-c-58-6_S336_L001_R2_001.fastq.gz
seq260520_BRLUV,A-230622-16S-c-58-7,BRLUV2-A-230622-16S-c-58-7_S343_L001_R1_001.fastq.gz,BRLUV2-A-230622-16S-c-58-7_S343_L001_R2_001.fastq.gz
seq260520_BRLUV,A-230622-16S-c-59-1,BRLUV2-A-230622-16S-c-59-1_S355_L001_R1_001.fastq.gz,BRLUV2-A-230622-16S-c-59-1_S355_L001_R2_001.fastq.gz
seq260520_BRLUV,A-230622-16S-c-59-2,BRLUV2-A-230622-16S-c-59-2_S359_L001_R1_001.fastq.gz,BRLUV2-A-230622-16S-c-59-2_S359_L001_R2_001.fastq.gz
seq260520_BRLUV,A-230622-16S-c-59-3,BRLUV2-A-230622-16S-c-59-3_S358_L001_R1_001.fastq.gz,BRLUV2-A-230622-16S-c-59-3_S358_L001_R2_001.fastq.gz
seq260520_BRLUV,A-230622-16S-c-59-4,BRLUV2-A-230622-16S-c-59-4_S346_L001_R1_001.fastq.gz,BRLUV2-A-230622-16S-c-59-4_S346_L001_R2_001.fastq.gz
seq260520_BRLUV,A-230622-16S-c-59-5,BRLUV2-A-230622-16S-c-59-5_S347_L001_R1_001.fastq.gz,BRLUV2-A-230622-16S-c-59-5_S347_L001_R2_001.fastq.gz
seq260520_BRLUV,A-230622-16S-c-59-6,BRLUV2-A-230622-16S-c-59-6_S353_L001_R1_001.fastq.gz,BRLUV2-A-230622-16S-c-59-6_S353_L001_R2_001.fastq.gz
seq260520_BRLUV,A-230622-16S-w-1-1,BRLUV2-A-230622-16S-w-1-1_S240_L001_R1_001.fastq.gz,BRLUV2-A-230622-16S-w-1-1_S240_L001_R2_001.fastq.gz
seq260520_BRLUV,A-230622-16S-w-1-2,BRLUV2-A-230622-16S-w-1-2_S239_L001_R1_001.fastq.gz,BRLUV2-A-230622-16S-w-1-2_S239_L001_R2_001.fastq.gz
seq260520_BRLUV,A-230622-16S-w-1-3,BRLUV2-A-230622-16S-w-1-3_S238_L001_R1_001.fastq.gz,BRLUV2-A-230622-16S-w-1-3_S238_L001_R2_001.fastq.gz
seq260520_BRLUV,A-230622-16S-w-1-4,BRLUV2-A-230622-16S-w-1-4_S237_L001_R1_001.fastq.gz,BRLUV2-A-230622-16S-w-1-4_S237_L001_R2_001.fastq.gz
seq260520_BRLUV,A-230622-16S-w-1-5,BRLUV2-A-230622-16S-w-1-5_S236_L001_R1_001.fastq.gz,BRLUV2-A-230622-16S-w-1-5_S236_L001_R2_001.fastq.gz
seq260520_BRLUV,A-230622-16S-w-1-6,BRLUV2-A-230622-16S-w-1-6_S235_L001_R1_001.fastq.gz,BRLUV2-A-230622-16S-w-1-6_S235_L001_R2_001.fastq.gz
seq260520_BRLUV,A-230622-16S-w-1-7,BRLUV2-A-230622-16S-w-1-7_S234_L001_R1_001.fastq.gz,BRLUV2-A-230622-16S-w-1-7_S234_L001_R2_001.fastq.gz
seq260520_BRLUV,A-230622-16S-w-10-1,BRLUV2-A-230622-16S-w-10-1_S179_L001_R1_001.fastq.gz,BRLUV2-A-230622-16S-w-10-1_S179_L001_R2_001.fastq.gz
seq260520_BRLUV,A-230622-16S-w-10-2,BRLUV2-A-230622-16S-w-10-2_S178_L001_R1_001.fastq.gz,BRLUV2-A-230622-16S-w-10-2_S178_L001_R2_001.fastq.gz
seq260520_BRLUV,A-230622-16S-w-10-3,BRLUV2-A-230622-16S-w-10-3_S177_L001_R1_001.fastq.gz,BRLUV2-A-230622-16S-w-10-3_S177_L001_R2_001.fastq.gz
seq260520_BRLUV,A-230622-16S-w-10-4,BRLUV2-A-230622-16S-w-10-4_S176_L001_R1_001.fastq.gz,BRLUV2-A-230622-16S-w-10-4_S176_L001_R2_001.fastq.gz
seq260520_BRLUV,A-230622-16S-w-10-5,BRLUV2-A-230622-16S-w-10-5_S175_L001_R1_001.fastq.gz,BRLUV2-A-230622-16S-w-10-5_S175_L001_R2_001.fastq.gz
seq260520_BRLUV,A-230622-16S-w-10-6,BRLUV2-A-230622-16S-w-10-6_S184_L001_R1_001.fastq.gz,BRLUV2-A-230622-16S-w-10-6_S184_L001_R2_001.fastq.gz
seq260520_BRLUV,A-230622-16S-w-10-7,BRLUV2-A-230622-16S-w-10-7_S197_L001_R1_001.fastq.gz,BRLUV2-A-230622-16S-w-10-7_S197_L001_R2_001.fastq.gz
seq260520_BRLUV,A-230622-16S-w-11-1,BRLUV2-A-230622-16S-w-11-1_S207_L001_R1_001.fastq.gz,BRLUV2-A-230622-16S-w-11-1_S207_L001_R2_001.fastq.gz
seq260520_BRLUV,A-230622-16S-w-11-2,BRLUV2-A-230622-16S-w-11-2_S198_L001_R1_001.fastq.gz,BRLUV2-A-230622-16S-w-11-2_S198_L001_R2_001.fastq.gz
seq260520_BRLUV,A-230622-16S-w-11-3,BRLUV2-A-230622-16S-w-11-3_S217_L001_R1_001.fastq.gz,BRLUV2-A-230622-16S-w-11-3_S217_L001_R2_001.fastq.gz
seq260520_BRLUV,A-230622-16S-w-11-4,BRLUV2-A-230622-16S-w-11-4_S216_L001_R1_001.fastq.gz,BRLUV2-A-230622-16S-w-11-4_S216_L001_R2_001.fastq.gz
seq260520_BRLUV,A-230622-16S-w-11-5,BRLUV2-A-230622-16S-w-11-5_S215_L001_R1_001.fastq.gz,BRLUV2-A-230622-16S-w-11-5_S215_L001_R2_001.fastq.gz
seq260520_BRLUV,A-230622-16S-w-11-6,BRLUV2-A-230622-16S-w-11-6_S214_L001_R1_001.fastq.gz,BRLUV2-A-230622-16S-w-11-6_S214_L001_R2_001.fastq.gz
seq260520_BRLUV,A-230622-16S-w-11-7,BRLUV2-A-230622-16S-w-11-7_S213_L001_R1_001.fastq.gz,BRLUV2-A-230622-16S-w-11-7_S213_L001_R2_001.fastq.gz
seq260520_BRLUV,A-230622-16S-w-12-1,BRLUV2-A-230622-16S-w-12-1_S212_L001_R1_001.fastq.gz,BRLUV2-A-230622-16S-w-12-1_S212_L001_R2_001.fastq.gz
seq260520_BRLUV,A-230622-16S-w-12-2,BRLUV2-A-230622-16S-w-12-2_S211_L001_R1_001.fastq.gz,BRLUV2-A-230622-16S-w-12-2_S211_L001_R2_001.fastq.gz
seq260520_BRLUV,A-230622-16S-w-12-3,BRLUV2-A-230622-16S-w-12-3_S210_L001_R1_001.fastq.gz,BRLUV2-A-230622-16S-w-12-3_S210_L001_R2_001.fastq.gz
seq260520_BRLUV,A-230622-16S-w-12-4,BRLUV2-A-230622-16S-w-12-4_S209_L001_R1_001.fastq.gz,BRLUV2-A-230622-16S-w-12-4_S209_L001_R2_001.fastq.gz
seq260520_BRLUV,A-230622-16S-w-12-5,BRLUV2-A-230622-16S-w-12-5_S218_L001_R1_001.fastq.gz,BRLUV2-A-230622-16S-w-12-5_S218_L001_R2_001.fastq.gz
seq260520_BRLUV,A-230622-16S-w-12-6,BRLUV2-A-230622-16S-w-12-6_S208_L001_R1_001.fastq.gz,BRLUV2-A-230622-16S-w-12-6_S208_L001_R2_001.fastq.gz
seq260520_BRLUV,A-230622-16S-w-12-7,BRLUV2-A-230622-16S-w-12-7_S206_L001_R1_001.fastq.gz,BRLUV2-A-230622-16S-w-12-7_S206_L001_R2_001.fastq.gz
seq260520_BRLUV,A-230622-16S-w-13-2,BRLUV2-A-230622-16S-w-13-2_S205_L001_R1_001.fastq.gz,BRLUV2-A-230622-16S-w-13-2_S205_L001_R2_001.fastq.gz
seq260520_BRLUV,A-230622-16S-w-13-3,BRLUV2-A-230622-16S-w-13-3_S204_L001_R1_001.fastq.gz,BRLUV2-A-230622-16S-w-13-3_S204_L001_R2_001.fastq.gz
seq260520_BRLUV,A-230622-16S-w-13-4,BRLUV2-A-230622-16S-w-13-4_S267_L001_R1_001.fastq.gz,BRLUV2-A-230622-16S-w-13-4_S267_L001_R2_001.fastq.gz
seq260520_BRLUV,A-230622-16S-w-13-5,BRLUV2-A-230622-16S-w-13-5_S202_L001_R1_001.fastq.gz,BRLUV2-A-230622-16S-w-13-5_S202_L001_R2_001.fastq.gz
seq260520_BRLUV,A-230622-16S-w-13-6,BRLUV2-A-230622-16S-w-13-6_S201_L001_R1_001.fastq.gz,BRLUV2-A-230622-16S-w-13-6_S201_L001_R2_001.fastq.gz
seq260520_BRLUV,A-230622-16S-w-13-7,BRLUV2-A-230622-16S-w-13-7_S200_L001_R1_001.fastq.gz,BRLUV2-A-230622-16S-w-13-7_S200_L001_R2_001.fastq.gz
seq260520_BRLUV,A-230622-16S-w-14-1,BRLUV2-A-230622-16S-w-14-1_S199_L001_R1_001.fastq.gz,BRLUV2-A-230622-16S-w-14-1_S199_L001_R2_001.fastq.gz
seq260520_BRLUV,A-230622-16S-w-2-1,BRLUV2-A-230622-16S-w-2-1_S233_L001_R1_001.fastq.gz,BRLUV2-A-230622-16S-w-2-1_S233_L001_R2_001.fastq.gz
seq260520_BRLUV,A-230622-16S-w-2-2,BRLUV2-A-230622-16S-w-2-2_S232_L001_R1_001.fastq.gz,BRLUV2-A-230622-16S-w-2-2_S232_L001_R2_001.fastq.gz
seq260520_BRLUV,A-230622-16S-w-2-3,BRLUV2-A-230622-16S-w-2-3_S241_L001_R1_001.fastq.gz,BRLUV2-A-230622-16S-w-2-3_S241_L001_R2_001.fastq.gz
seq260520_BRLUV,A-230622-16S-w-2-4,BRLUV2-A-230622-16S-w-2-4_S231_L001_R1_001.fastq.gz,BRLUV2-A-230622-16S-w-2-4_S231_L001_R2_001.fastq.gz
seq260520_BRLUV,A-230622-16S-w-2-5,BRLUV2-A-230622-16S-w-2-5_S229_L001_R1_001.fastq.gz,BRLUV2-A-230622-16S-w-2-5_S229_L001_R2_001.fastq.gz
seq260520_BRLUV,A-230622-16S-w-2-6,BRLUV2-A-230622-16S-w-2-6_S228_L001_R1_001.fastq.gz,BRLUV2-A-230622-16S-w-2-6_S228_L001_R2_001.fastq.gz
seq260520_BRLUV,A-230622-16S-w-2-7,BRLUV2-A-230622-16S-w-2-7_S227_L001_R1_001.fastq.gz,BRLUV2-A-230622-16S-w-2-7_S227_L001_R2_001.fastq.gz
seq260520_BRLUV,A-230622-16S-w-3-1,BRLUV2-A-230622-16S-w-3-1_S226_L001_R1_001.fastq.gz,BRLUV2-A-230622-16S-w-3-1_S226_L001_R2_001.fastq.gz
seq260520_BRLUV,A-230622-16S-w-3-2,BRLUV2-A-230622-16S-w-3-2_S225_L001_R1_001.fastq.gz,BRLUV2-A-230622-16S-w-3-2_S225_L001_R2_001.fastq.gz
seq260520_BRLUV,A-230622-16S-w-3-3,BRLUV2-A-230622-16S-w-3-3_S224_L001_R1_001.fastq.gz,BRLUV2-A-230622-16S-w-3-3_S224_L001_R2_001.fastq.gz
seq260520_BRLUV,A-230622-16S-w-3-4,BRLUV2-A-230622-16S-w-3-4_S223_L001_R1_001.fastq.gz,BRLUV2-A-230622-16S-w-3-4_S223_L001_R2_001.fastq.gz
seq260520_BRLUV,A-230622-16S-w-3-5,BRLUV2-A-230622-16S-w-3-5_S222_L001_R1_001.fastq.gz,BRLUV2-A-230622-16S-w-3-5_S222_L001_R2_001.fastq.gz
seq260520_BRLUV,A-230622-16S-w-3-6,BRLUV2-A-230622-16S-w-3-6_S221_L001_R1_001.fastq.gz,BRLUV2-A-230622-16S-w-3-6_S221_L001_R2_001.fastq.gz
seq260520_BRLUV,A-230622-16S-w-3-7,BRLUV2-A-230622-16S-w-3-7_S230_L001_R1_001.fastq.gz,BRLUV2-A-230622-16S-w-3-7_S230_L001_R2_001.fastq.gz
seq260520_BRLUV,A-230622-16S-w-4-1,BRLUV2-A-230622-16S-w-4-1_S243_L001_R1_001.fastq.gz,BRLUV2-A-230622-16S-w-4-1_S243_L001_R2_001.fastq.gz
seq260520_BRLUV,A-230622-16S-w-4-2,BRLUV2-A-230622-16S-w-4-2_S254_L001_R1_001.fastq.gz,BRLUV2-A-230622-16S-w-4-2_S254_L001_R2_001.fastq.gz
seq260520_BRLUV,A-230622-16S-w-4-3,BRLUV2-A-230622-16S-w-4-3_S244_L001_R1_001.fastq.gz,BRLUV2-A-230622-16S-w-4-3_S244_L001_R2_001.fastq.gz
seq260520_BRLUV,A-230622-16S-w-4-4,BRLUV2-A-230622-16S-w-4-4_S264_L001_R1_001.fastq.gz,BRLUV2-A-230622-16S-w-4-4_S264_L001_R2_001.fastq.gz
seq260520_BRLUV,A-230622-16S-w-4-5,BRLUV2-A-230622-16S-w-4-5_S263_L001_R1_001.fastq.gz,BRLUV2-A-230622-16S-w-4-5_S263_L001_R2_001.fastq.gz
seq260520_BRLUV,A-230622-16S-w-4-6,BRLUV2-A-230622-16S-w-4-6_S262_L001_R1_001.fastq.gz,BRLUV2-A-230622-16S-w-4-6_S262_L001_R2_001.fastq.gz
seq260520_BRLUV,A-230622-16S-w-4-7,BRLUV2-A-230622-16S-w-4-7_S261_L001_R1_001.fastq.gz,BRLUV2-A-230622-16S-w-4-7_S261_L001_R2_001.fastq.gz
seq260520_BRLUV,A-230622-16S-w-5-1,BRLUV2-A-230622-16S-w-5-1_S260_L001_R1_001.fastq.gz,BRLUV2-A-230622-16S-w-5-1_S260_L001_R2_001.fastq.gz
seq260520_BRLUV,A-230622-16S-w-5-2,BRLUV2-A-230622-16S-w-5-2_S259_L001_R1_001.fastq.gz,BRLUV2-A-230622-16S-w-5-2_S259_L001_R2_001.fastq.gz
seq260520_BRLUV,A-230622-16S-w-5-3,BRLUV2-A-230622-16S-w-5-3_S258_L001_R1_001.fastq.gz,BRLUV2-A-230622-16S-w-5-3_S258_L001_R2_001.fastq.gz
seq260520_BRLUV,A-230622-16S-w-5-4,BRLUV2-A-230622-16S-w-5-4_S257_L001_R1_001.fastq.gz,BRLUV2-A-230622-16S-w-5-4_S257_L001_R2_001.fastq.gz
seq260520_BRLUV,A-230622-16S-w-5-5,BRLUV2-A-230622-16S-w-5-5_S256_L001_R1_001.fastq.gz,BRLUV2-A-230622-16S-w-5-5_S256_L001_R2_001.fastq.gz
seq260520_BRLUV,A-230622-16S-w-5-6,BRLUV2-A-230622-16S-w-5-6_S265_L001_R1_001.fastq.gz,BRLUV2-A-230622-16S-w-5-6_S265_L001_R2_001.fastq.gz
seq260520_BRLUV,A-230622-16S-w-5-7,BRLUV2-A-230622-16S-w-5-7_S255_L001_R1_001.fastq.gz,BRLUV2-A-230622-16S-w-5-7_S255_L001_R2_001.fastq.gz
seq260520_BRLUV,A-230622-16S-w-6-1,BRLUV2-A-230622-16S-w-6-1_S253_L001_R1_001.fastq.gz,BRLUV2-A-230622-16S-w-6-1_S253_L001_R2_001.fastq.gz
seq260520_BRLUV,A-230622-16S-w-6-2,BRLUV2-A-230622-16S-w-6-2_S252_L001_R1_001.fastq.gz,BRLUV2-A-230622-16S-w-6-2_S252_L001_R2_001.fastq.gz
seq260520_BRLUV,A-230622-16S-w-6-3,BRLUV2-A-230622-16S-w-6-3_S251_L001_R1_001.fastq.gz,BRLUV2-A-230622-16S-w-6-3_S251_L001_R2_001.fastq.gz
seq260520_BRLUV,A-230622-16S-w-6-4,BRLUV2-A-230622-16S-w-6-4_S250_L001_R1_001.fastq.gz,BRLUV2-A-230622-16S-w-6-4_S250_L001_R2_001.fastq.gz
seq260520_BRLUV,A-230622-16S-w-6-5,BRLUV2-A-230622-16S-w-6-5_S249_L001_R1_001.fastq.gz,BRLUV2-A-230622-16S-w-6-5_S249_L001_R2_001.fastq.gz
seq260520_BRLUV,A-230622-16S-w-6-6,BRLUV2-A-230622-16S-w-6-6_S248_L001_R1_001.fastq.gz,BRLUV2-A-230622-16S-w-6-6_S248_L001_R2_001.fastq.gz
seq260520_BRLUV,A-230622-16S-w-6-7,BRLUV2-A-230622-16S-w-6-7_S247_L001_R1_001.fastq.gz,BRLUV2-A-230622-16S-w-6-7_S247_L001_R2_001.fastq.gz
seq260520_BRLUV,A-230622-16S-w-7-1,BRLUV2-A-230622-16S-w-7-1_S246_L001_R1_001.fastq.gz,BRLUV2-A-230622-16S-w-7-1_S246_L001_R2_001.fastq.gz
seq260520_BRLUV,A-230622-16S-w-7-2,BRLUV2-A-230622-16S-w-7-2_S245_L001_R1_001.fastq.gz,BRLUV2-A-230622-16S-w-7-2_S245_L001_R2_001.fastq.gz
seq260520_BRLUV,A-230622-16S-w-7-3,BRLUV2-A-230622-16S-w-7-3_S220_L001_R1_001.fastq.gz,BRLUV2-A-230622-16S-w-7-3_S220_L001_R2_001.fastq.gz
seq260520_BRLUV,A-230622-16S-w-7-4,BRLUV2-A-230622-16S-w-7-4_S242_L001_R1_001.fastq.gz,BRLUV2-A-230622-16S-w-7-4_S242_L001_R2_001.fastq.gz
seq260520_BRLUV,A-230622-16S-w-7-5,BRLUV2-A-230622-16S-w-7-5_S219_L001_R1_001.fastq.gz,BRLUV2-A-230622-16S-w-7-5_S219_L001_R2_001.fastq.gz
seq260520_BRLUV,A-230622-16S-w-7-6,BRLUV2-A-230622-16S-w-7-6_S196_L001_R1_001.fastq.gz,BRLUV2-A-230622-16S-w-7-6_S196_L001_R2_001.fastq.gz
seq260520_BRLUV,A-230622-16S-w-7-7,BRLUV2-A-230622-16S-w-7-7_S194_L001_R1_001.fastq.gz,BRLUV2-A-230622-16S-w-7-7_S194_L001_R2_001.fastq.gz
seq260520_BRLUV,A-230622-16S-w-8-1,BRLUV2-A-230622-16S-w-8-1_S193_L001_R1_001.fastq.gz,BRLUV2-A-230622-16S-w-8-1_S193_L001_R2_001.fastq.gz
seq260520_BRLUV,A-230622-16S-w-8-2,BRLUV2-A-230622-16S-w-8-2_S192_L001_R1_001.fastq.gz,BRLUV2-A-230622-16S-w-8-2_S192_L001_R2_001.fastq.gz
seq260520_BRLUV,A-230622-16S-w-8-3,BRLUV2-A-230622-16S-w-8-3_S191_L001_R1_001.fastq.gz,BRLUV2-A-230622-16S-w-8-3_S191_L001_R2_001.fastq.gz
seq260520_BRLUV,A-230622-16S-w-8-4,BRLUV2-A-230622-16S-w-8-4_S190_L001_R1_001.fastq.gz,BRLUV2-A-230622-16S-w-8-4_S190_L001_R2_001.fastq.gz
seq260520_BRLUV,A-230622-16S-w-8-5,BRLUV2-A-230622-16S-w-8-5_S189_L001_R1_001.fastq.gz,BRLUV2-A-230622-16S-w-8-5_S189_L001_R2_001.fastq.gz
seq260520_BRLUV,A-230622-16S-w-8-6,BRLUV2-A-230622-16S-w-8-6_S188_L001_R1_001.fastq.gz,BRLUV2-A-230622-16S-w-8-6_S188_L001_R2_001.fastq.gz
seq260520_BRLUV,A-230622-16S-w-8-7,BRLUV2-A-230622-16S-w-8-7_S187_L001_R1_001.fastq.gz,BRLUV2-A-230622-16S-w-8-7_S187_L001_R2_001.fastq.gz
seq260520_BRLUV,A-230622-16S-w-9-1,BRLUV2-A-230622-16S-w-9-1_S186_L001_R1_001.fastq.gz,BRLUV2-A-230622-16S-w-9-1_S186_L001_R2_001.fastq.gz
seq260520_BRLUV,A-230622-16S-w-9-2,BRLUV2-A-230622-16S-w-9-2_S195_L001_R1_001.fastq.gz,BRLUV2-A-230622-16S-w-9-2_S195_L001_R2_001.fastq.gz
seq260520_BRLUV,A-230622-16S-w-9-3,BRLUV2-A-230622-16S-w-9-3_S185_L001_R1_001.fastq.gz,BRLUV2-A-230622-16S-w-9-3_S185_L001_R2_001.fastq.gz
seq260520_BRLUV,A-230622-16S-w-9-4,BRLUV2-A-230622-16S-w-9-4_S183_L001_R1_001.fastq.gz,BRLUV2-A-230622-16S-w-9-4_S183_L001_R2_001.fastq.gz
seq260520_BRLUV,A-230622-16S-w-9-5,BRLUV2-A-230622-16S-w-9-5_S182_L001_R1_001.fastq.gz,BRLUV2-A-230622-16S-w-9-5_S182_L001_R2_001.fastq.gz
seq260520_BRLUV,A-230622-16S-w-9-6,BRLUV2-A-230622-16S-w-9-6_S181_L001_R1_001.fastq.gz,BRLUV2-A-230622-16S-w-9-6_S181_L001_R2_001.fastq.gz
seq260520_BRLUV,A-230622-16S-w-9-7,BRLUV2-A-230622-16S-w-9-7_S180_L001_R1_001.fastq.gz,BRLUV2-A-230622-16S-w-9-7_S180_L001_R2_001.fastq.gz
seq260520_BRLUV,H-200622-16S-w-1-1,BRLUV2-H-200622-16S-w-1-1_S132_L001_R1_001.fastq.gz,BRLUV2-H-200622-16S-w-1-1_S132_L001_R2_001.fastq.gz
seq260520_BRLUV,H-200622-16S-w-1-2,BRLUV2-H-200622-16S-w-1-2_S133_L001_R1_001.fastq.gz,BRLUV2-H-200622-16S-w-1-2_S133_L001_R2_001.fastq.gz
seq260520_BRLUV,H-200622-16S-w-1-3,BRLUV2-H-200622-16S-w-1-3_S134_L001_R1_001.fastq.gz,BRLUV2-H-200622-16S-w-1-3_S134_L001_R2_001.fastq.gz
seq260520_BRLUV,H-200622-16S-w-1-4,BRLUV2-H-200622-16S-w-1-4_S135_L001_R1_001.fastq.gz,BRLUV2-H-200622-16S-w-1-4_S135_L001_R2_001.fastq.gz
seq260520_BRLUV,H-200622-16S-w-1-5,BRLUV2-H-200622-16S-w-1-5_S144_L001_R1_001.fastq.gz,BRLUV2-H-200622-16S-w-1-5_S144_L001_R2_001.fastq.gz
seq260520_BRLUV,H-200622-16S-w-1-6,BRLUV2-H-200622-16S-w-1-6_S136_L001_R1_001.fastq.gz,BRLUV2-H-200622-16S-w-1-6_S136_L001_R2_001.fastq.gz
seq260520_BRLUV,H-200622-16S-w-1-7,BRLUV2-H-200622-16S-w-1-7_S70_L001_R1_001.fastq.gz,BRLUV2-H-200622-16S-w-1-7_S70_L001_R2_001.fastq.gz
seq260520_BRLUV,H-200622-16S-w-10-1,BRLUV2-H-200622-16S-w-10-1_S301_L001_R1_001.fastq.gz,BRLUV2-H-200622-16S-w-10-1_S301_L001_R2_001.fastq.gz
seq260520_BRLUV,H-200622-16S-w-10-2,BRLUV2-H-200622-16S-w-10-2_S300_L001_R1_001.fastq.gz,BRLUV2-H-200622-16S-w-10-2_S300_L001_R2_001.fastq.gz
seq260520_BRLUV,H-200622-16S-w-10-3,BRLUV2-H-200622-16S-w-10-3_S280_L001_R1_001.fastq.gz,BRLUV2-H-200622-16S-w-10-3_S280_L001_R2_001.fastq.gz
seq260520_BRLUV,H-200622-16S-w-10-4,BRLUV2-H-200622-16S-w-10-4_S279_L001_R1_001.fastq.gz,BRLUV2-H-200622-16S-w-10-4_S279_L001_R2_001.fastq.gz
seq260520_BRLUV,H-200622-16S-w-10-5,BRLUV2-H-200622-16S-w-10-5_S278_L001_R1_001.fastq.gz,BRLUV2-H-200622-16S-w-10-5_S278_L001_R2_001.fastq.gz
seq260520_BRLUV,H-200622-16S-w-10-6,BRLUV2-H-200622-16S-w-10-6_S277_L001_R1_001.fastq.gz,BRLUV2-H-200622-16S-w-10-6_S277_L001_R2_001.fastq.gz
seq260520_BRLUV,H-200622-16S-w-10-7,BRLUV2-H-200622-16S-w-10-7_S283_L001_R1_001.fastq.gz,BRLUV2-H-200622-16S-w-10-7_S283_L001_R2_001.fastq.gz
seq260520_BRLUV,H-200622-16S-w-11-1,BRLUV2-H-200622-16S-w-11-1_S276_L001_R1_001.fastq.gz,BRLUV2-H-200622-16S-w-11-1_S276_L001_R2_001.fastq.gz
seq260520_BRLUV,H-200622-16S-w-11-2,BRLUV2-H-200622-16S-w-11-2_S302_L001_R1_001.fastq.gz,BRLUV2-H-200622-16S-w-11-2_S302_L001_R2_001.fastq.gz
seq260520_BRLUV,H-200622-16S-w-11-3,BRLUV2-H-200622-16S-w-11-3_S273_L001_R1_001.fastq.gz,BRLUV2-H-200622-16S-w-11-3_S273_L001_R2_001.fastq.gz
seq260520_BRLUV,H-200622-16S-w-11-4,BRLUV2-H-200622-16S-w-11-4_S272_L001_R1_001.fastq.gz,BRLUV2-H-200622-16S-w-11-4_S272_L001_R2_001.fastq.gz
seq260520_BRLUV,H-200622-16S-w-11-5,BRLUV2-H-200622-16S-w-11-5_S271_L001_R1_001.fastq.gz,BRLUV2-H-200622-16S-w-11-5_S271_L001_R2_001.fastq.gz
seq260520_BRLUV,H-200622-16S-w-11-6,BRLUV2-H-200622-16S-w-11-6_S270_L001_R1_001.fastq.gz,BRLUV2-H-200622-16S-w-11-6_S270_L001_R2_001.fastq.gz
seq260520_BRLUV,H-200622-16S-w-11-7,BRLUV2-H-200622-16S-w-11-7_S269_L001_R1_001.fastq.gz,BRLUV2-H-200622-16S-w-11-7_S269_L001_R2_001.fastq.gz
seq260520_BRLUV,H-200622-16S-w-12-1,BRLUV2-H-200622-16S-w-12-1_S275_L001_R1_001.fastq.gz,BRLUV2-H-200622-16S-w-12-1_S275_L001_R2_001.fastq.gz
seq260520_BRLUV,H-200622-16S-w-12-2,BRLUV2-H-200622-16S-w-12-2_S284_L001_R1_001.fastq.gz,BRLUV2-H-200622-16S-w-12-2_S284_L001_R2_001.fastq.gz
seq260520_BRLUV,H-200622-16S-w-12-3,BRLUV2-H-200622-16S-w-12-3_S285_L001_R1_001.fastq.gz,BRLUV2-H-200622-16S-w-12-3_S285_L001_R2_001.fastq.gz
seq260520_BRLUV,H-200622-16S-w-12-4,BRLUV2-H-200622-16S-w-12-4_S286_L001_R1_001.fastq.gz,BRLUV2-H-200622-16S-w-12-4_S286_L001_R2_001.fastq.gz
seq260520_BRLUV,H-200622-16S-w-12-5,BRLUV2-H-200622-16S-w-12-5_S298_L001_R1_001.fastq.gz,BRLUV2-H-200622-16S-w-12-5_S298_L001_R2_001.fastq.gz
seq260520_BRLUV,H-200622-16S-w-12-6,BRLUV2-H-200622-16S-w-12-6_S297_L001_R1_001.fastq.gz,BRLUV2-H-200622-16S-w-12-6_S297_L001_R2_001.fastq.gz
seq260520_BRLUV,H-200622-16S-w-12-7,BRLUV2-H-200622-16S-w-12-7_S296_L001_R1_001.fastq.gz,BRLUV2-H-200622-16S-w-12-7_S296_L001_R2_001.fastq.gz
seq260520_BRLUV,H-200622-16S-w-13-2,BRLUV2-H-200622-16S-w-13-2_S290_L001_R1_001.fastq.gz,BRLUV2-H-200622-16S-w-13-2_S290_L001_R2_001.fastq.gz
seq260520_BRLUV,H-200622-16S-w-13-5,BRLUV2-H-200622-16S-w-13-5_S288_L001_R1_001.fastq.gz,BRLUV2-H-200622-16S-w-13-5_S288_L001_R2_001.fastq.gz
seq260520_BRLUV,H-200622-16S-w-13-6,BRLUV2-H-200622-16S-w-13-6_S274_L001_R1_001.fastq.gz,BRLUV2-H-200622-16S-w-13-6_S274_L001_R2_001.fastq.gz
seq260520_BRLUV,H-200622-16S-w-13-7,BRLUV2-H-200622-16S-w-13-7_S303_L001_R1_001.fastq.gz,BRLUV2-H-200622-16S-w-13-7_S303_L001_R2_001.fastq.gz
seq260520_BRLUV,H-200622-16S-w-14-1,BRLUV2-H-200622-16S-w-14-1_S287_L001_R1_001.fastq.gz,BRLUV2-H-200622-16S-w-14-1_S287_L001_R2_001.fastq.gz
seq260520_BRLUV,H-200622-16S-w-2-1,BRLUV2-H-200622-16S-w-2-1_S138_L001_R1_001.fastq.gz,BRLUV2-H-200622-16S-w-2-1_S138_L001_R2_001.fastq.gz
seq260520_BRLUV,H-200622-16S-w-2-2,BRLUV2-H-200622-16S-w-2-2_S139_L001_R1_001.fastq.gz,BRLUV2-H-200622-16S-w-2-2_S139_L001_R2_001.fastq.gz
seq260520_BRLUV,H-200622-16S-w-2-3,BRLUV2-H-200622-16S-w-2-3_S140_L001_R1_001.fastq.gz,BRLUV2-H-200622-16S-w-2-3_S140_L001_R2_001.fastq.gz
seq260520_BRLUV,H-200622-16S-w-2-4,BRLUV2-H-200622-16S-w-2-4_S141_L001_R1_001.fastq.gz,BRLUV2-H-200622-16S-w-2-4_S141_L001_R2_001.fastq.gz
seq260520_BRLUV,H-200622-16S-w-2-5,BRLUV2-H-200622-16S-w-2-5_S142_L001_R1_001.fastq.gz,BRLUV2-H-200622-16S-w-2-5_S142_L001_R2_001.fastq.gz
seq260520_BRLUV,H-200622-16S-w-2-6,BRLUV2-H-200622-16S-w-2-6_S143_L001_R1_001.fastq.gz,BRLUV2-H-200622-16S-w-2-6_S143_L001_R2_001.fastq.gz
seq260520_BRLUV,H-200622-16S-w-2-7,BRLUV2-H-200622-16S-w-2-7_S145_L001_R1_001.fastq.gz,BRLUV2-H-200622-16S-w-2-7_S145_L001_R2_001.fastq.gz
seq260520_BRLUV,H-200622-16S-w-3-1,BRLUV2-H-200622-16S-w-3-1_S158_L001_R1_001.fastq.gz,BRLUV2-H-200622-16S-w-3-1_S158_L001_R2_001.fastq.gz
seq260520_BRLUV,H-200622-16S-w-3-2,BRLUV2-H-200622-16S-w-3-2_S146_L001_R1_001.fastq.gz,BRLUV2-H-200622-16S-w-3-2_S146_L001_R2_001.fastq.gz
seq260520_BRLUV,H-200622-16S-w-3-3,BRLUV2-H-200622-16S-w-3-3_S147_L001_R1_001.fastq.gz,BRLUV2-H-200622-16S-w-3-3_S147_L001_R2_001.fastq.gz
seq260520_BRLUV,H-200622-16S-w-3-4,BRLUV2-H-200622-16S-w-3-4_S148_L001_R1_001.fastq.gz,BRLUV2-H-200622-16S-w-3-4_S148_L001_R2_001.fastq.gz
seq260520_BRLUV,H-200622-16S-w-3-5,BRLUV2-H-200622-16S-w-3-5_S149_L001_R1_001.fastq.gz,BRLUV2-H-200622-16S-w-3-5_S149_L001_R2_001.fastq.gz
seq260520_BRLUV,H-200622-16S-w-3-6,BRLUV2-H-200622-16S-w-3-6_S150_L001_R1_001.fastq.gz,BRLUV2-H-200622-16S-w-3-6_S150_L001_R2_001.fastq.gz
seq260520_BRLUV,H-200622-16S-w-3-7,BRLUV2-H-200622-16S-w-3-7_S151_L001_R1_001.fastq.gz,BRLUV2-H-200622-16S-w-3-7_S151_L001_R2_001.fastq.gz
seq260520_BRLUV,H-200622-16S-w-4-1,BRLUV2-H-200622-16S-w-4-1_S152_L001_R1_001.fastq.gz,BRLUV2-H-200622-16S-w-4-1_S152_L001_R2_001.fastq.gz
seq260520_BRLUV,H-200622-16S-w-4-2,BRLUV2-H-200622-16S-w-4-2_S153_L001_R1_001.fastq.gz,BRLUV2-H-200622-16S-w-4-2_S153_L001_R2_001.fastq.gz
seq260520_BRLUV,H-200622-16S-w-4-3,BRLUV2-H-200622-16S-w-4-3_S154_L001_R1_001.fastq.gz,BRLUV2-H-200622-16S-w-4-3_S154_L001_R2_001.fastq.gz
seq260520_BRLUV,H-200622-16S-w-4-4,BRLUV2-H-200622-16S-w-4-4_S155_L001_R1_001.fastq.gz,BRLUV2-H-200622-16S-w-4-4_S155_L001_R2_001.fastq.gz
seq260520_BRLUV,H-200622-16S-w-4-5,BRLUV2-H-200622-16S-w-4-5_S156_L001_R1_001.fastq.gz,BRLUV2-H-200622-16S-w-4-5_S156_L001_R2_001.fastq.gz
seq260520_BRLUV,H-200622-16S-w-4-6,BRLUV2-H-200622-16S-w-4-6_S157_L001_R1_001.fastq.gz,BRLUV2-H-200622-16S-w-4-6_S157_L001_R2_001.fastq.gz
seq260520_BRLUV,H-200622-16S-w-4-7,BRLUV2-H-200622-16S-w-4-7_S71_L001_R1_001.fastq.gz,BRLUV2-H-200622-16S-w-4-7_S71_L001_R2_001.fastq.gz
seq260520_BRLUV,H-200622-16S-w-5-2,BRLUV2-H-200622-16S-w-5-2_S130_L001_R1_001.fastq.gz,BRLUV2-H-200622-16S-w-5-2_S130_L001_R2_001.fastq.gz
seq260520_BRLUV,H-200622-16S-w-5-3,BRLUV2-H-200622-16S-w-5-3_S69_L001_R1_001.fastq.gz,BRLUV2-H-200622-16S-w-5-3_S69_L001_R2_001.fastq.gz
seq260520_BRLUV,H-200622-16S-w-5-4,BRLUV2-H-200622-16S-w-5-4_S20_L001_R1_001.fastq.gz,BRLUV2-H-200622-16S-w-5-4_S20_L001_R2_001.fastq.gz
seq260520_BRLUV,H-200622-16S-w-5-5,BRLUV2-H-200622-16S-w-5-5_S22_L001_R1_001.fastq.gz,BRLUV2-H-200622-16S-w-5-5_S22_L001_R2_001.fastq.gz
seq260520_BRLUV,H-200622-16S-w-5-6,BRLUV2-H-200622-16S-w-5-6_S19_L001_R1_001.fastq.gz,BRLUV2-H-200622-16S-w-5-6_S19_L001_R2_001.fastq.gz
seq260520_BRLUV,H-200622-16S-w-5-7,BRLUV2-H-200622-16S-w-5-7_S17_L001_R1_001.fastq.gz,BRLUV2-H-200622-16S-w-5-7_S17_L001_R2_001.fastq.gz
seq260520_BRLUV,H-200622-16S-w-6-1,BRLUV2-H-200622-16S-w-6-1_S16_L001_R1_001.fastq.gz,BRLUV2-H-200622-16S-w-6-1_S16_L001_R2_001.fastq.gz
seq260520_BRLUV,H-200622-16S-w-6-2,BRLUV2-H-200622-16S-w-6-2_S10_L001_R1_001.fastq.gz,BRLUV2-H-200622-16S-w-6-2_S10_L001_R2_001.fastq.gz
seq260520_BRLUV,H-200622-16S-w-6-3,BRLUV2-H-200622-16S-w-6-3_S9_L001_R1_001.fastq.gz,BRLUV2-H-200622-16S-w-6-3_S9_L001_R2_001.fastq.gz
seq260520_BRLUV,H-200622-16S-w-6-4,BRLUV2-H-200622-16S-w-6-4_S23_L001_R1_001.fastq.gz,BRLUV2-H-200622-16S-w-6-4_S23_L001_R2_001.fastq.gz
seq260520_BRLUV,H-200622-16S-w-6-5,BRLUV2-H-200622-16S-w-6-5_S46_L001_R1_001.fastq.gz,BRLUV2-H-200622-16S-w-6-5_S46_L001_R2_001.fastq.gz
seq260520_BRLUV,H-200622-16S-w-6-6,BRLUV2-H-200622-16S-w-6-6_S33_L001_R1_001.fastq.gz,BRLUV2-H-200622-16S-w-6-6_S33_L001_R2_001.fastq.gz
seq260520_BRLUV,H-200622-16S-w-6-7,BRLUV2-H-200622-16S-w-6-7_S36_L001_R1_001.fastq.gz,BRLUV2-H-200622-16S-w-6-7_S36_L001_R2_001.fastq.gz
seq260520_BRLUV,H-200622-16S-w-7-1,BRLUV2-H-200622-16S-w-7-1_S38_L001_R1_001.fastq.gz,BRLUV2-H-200622-16S-w-7-1_S38_L001_R2_001.fastq.gz
seq260520_BRLUV,H-200622-16S-w-7-2,BRLUV2-H-200622-16S-w-7-2_S39_L001_R1_001.fastq.gz,BRLUV2-H-200622-16S-w-7-2_S39_L001_R2_001.fastq.gz
seq260520_BRLUV,H-200622-16S-w-7-3,BRLUV2-H-200622-16S-w-7-3_S40_L001_R1_001.fastq.gz,BRLUV2-H-200622-16S-w-7-3_S40_L001_R2_001.fastq.gz
seq260520_BRLUV,H-200622-16S-w-7-4,BRLUV2-H-200622-16S-w-7-4_S41_L001_R1_001.fastq.gz,BRLUV2-H-200622-16S-w-7-4_S41_L001_R2_001.fastq.gz
seq260520_BRLUV,H-200622-16S-w-7-5,BRLUV2-H-200622-16S-w-7-5_S42_L001_R1_001.fastq.gz,BRLUV2-H-200622-16S-w-7-5_S42_L001_R2_001.fastq.gz
seq260520_BRLUV,H-200622-16S-w-7-6,BRLUV2-H-200622-16S-w-7-6_S43_L001_R1_001.fastq.gz,BRLUV2-H-200622-16S-w-7-6_S43_L001_R2_001.fastq.gz
seq260520_BRLUV,H-200622-16S-w-7-7,BRLUV2-H-200622-16S-w-7-7_S65_L001_R1_001.fastq.gz,BRLUV2-H-200622-16S-w-7-7_S65_L001_R2_001.fastq.gz
seq260520_BRLUV,H-200622-16S-w-8-1,BRLUV2-H-200622-16S-w-8-1_S60_L001_R1_001.fastq.gz,BRLUV2-H-200622-16S-w-8-1_S60_L001_R2_001.fastq.gz
seq260520_BRLUV,H-200622-16S-w-8-2,BRLUV2-H-200622-16S-w-8-2_S172_L001_R1_001.fastq.gz,BRLUV2-H-200622-16S-w-8-2_S172_L001_R2_001.fastq.gz
seq260520_BRLUV,H-200622-16S-w-8-3,BRLUV2-H-200622-16S-w-8-3_S203_L001_R1_001.fastq.gz,BRLUV2-H-200622-16S-w-8-3_S203_L001_R2_001.fastq.gz
seq260520_BRLUV,H-200622-16S-w-8-4,BRLUV2-H-200622-16S-w-8-4_S174_L001_R1_001.fastq.gz,BRLUV2-H-200622-16S-w-8-4_S174_L001_R2_001.fastq.gz
seq260520_BRLUV,H-200622-16S-w-8-5,BRLUV2-H-200622-16S-w-8-5_S305_L001_R1_001.fastq.gz,BRLUV2-H-200622-16S-w-8-5_S305_L001_R2_001.fastq.gz
seq260520_BRLUV,H-200622-16S-w-8-6,BRLUV2-H-200622-16S-w-8-6_S312_L001_R1_001.fastq.gz,BRLUV2-H-200622-16S-w-8-6_S312_L001_R2_001.fastq.gz
seq260520_BRLUV,H-200622-16S-w-8-7,BRLUV2-H-200622-16S-w-8-7_S306_L001_R1_001.fastq.gz,BRLUV2-H-200622-16S-w-8-7_S306_L001_R2_001.fastq.gz
seq260520_BRLUV,H-200622-16S-w-9-1,BRLUV2-H-200622-16S-w-9-1_S307_L001_R1_001.fastq.gz,BRLUV2-H-200622-16S-w-9-1_S307_L001_R2_001.fastq.gz
seq260520_BRLUV,H-200622-16S-w-9-2,BRLUV2-H-200622-16S-w-9-2_S308_L001_R1_001.fastq.gz,BRLUV2-H-200622-16S-w-9-2_S308_L001_R2_001.fastq.gz
seq260520_BRLUV,H-200622-16S-w-9-3,BRLUV2-H-200622-16S-w-9-3_S309_L001_R1_001.fastq.gz,BRLUV2-H-200622-16S-w-9-3_S309_L001_R2_001.fastq.gz
seq260520_BRLUV,H-200622-16S-w-9-5,BRLUV2-H-200622-16S-w-9-5_S310_L001_R1_001.fastq.gz,BRLUV2-H-200622-16S-w-9-5_S310_L001_R2_001.fastq.gz
seq260520_BRLUV,H-200622-16S-w-9-6,BRLUV2-H-200622-16S-w-9-6_S311_L001_R1_001.fastq.gz,BRLUV2-H-200622-16S-w-9-6_S311_L001_R2_001.fastq.gz
seq260520_BRLUV,H-200622-16S-w-9-7,BRLUV2-H-200622-16S-w-9-7_S304_L001_R1_001.fastq.gz,BRLUV2-H-200622-16S-w-9-7_S304_L001_R2_001.fastq.gz
seq260520_BRLUV,H-2023-16S-w-P6-neg,BRLUV2-H-2023-16S-w-P6-neg_S334_L001_R1_001.fastq.gz,BRLUV2-H-2023-16S-w-P6-neg_S334_L001_R2_001.fastq.gz
seq260520_BRLUV,H-2023-16S-w-P6-pos,BRLUV2-H-2023-16S-w-P6-pos_S335_L001_R1_001.fastq.gz,BRLUV2-H-2023-16S-w-P6-pos_S335_L001_R2_001.fastq.gz
seq260520_BRLUV,L-2023-ITS-w-P11-neg,BRLUV2-L-2023-ITS-w-P11-neg_S322_L001_R1_001.fastq.gz,BRLUV2-L-2023-ITS-w-P11-neg_S322_L001_R2_001.fastq.gz
seq260520_BRLUV,L-2023-ITS-w-P11-pos,BRLUV2-L-2023-ITS-w-P11-pos_S321_L001_R1_001.fastq.gz,BRLUV2-L-2023-ITS-w-P11-pos_S321_L001_R2_001.fastq.gz
seq260520_BRLUV,L-230622-ITS-w-14-2,BRLUV2-L-230622-ITS-w-14-2_S77_L001_R1_001.fastq.gz,BRLUV2-L-230622-ITS-w-14-2_S77_L001_R2_001.fastq.gz
seq260520_BRLUV,L-230622-ITS-w-14-3,BRLUV2-L-230622-ITS-w-14-3_S76_L001_R1_001.fastq.gz,BRLUV2-L-230622-ITS-w-14-3_S76_L001_R2_001.fastq.gz
seq260520_BRLUV,L-230622-ITS-w-14-4,BRLUV2-L-230622-ITS-w-14-4_S75_L001_R1_001.fastq.gz,BRLUV2-L-230622-ITS-w-14-4_S75_L001_R2_001.fastq.gz
seq260520_BRLUV,L-230622-ITS-w-14-6,BRLUV2-L-230622-ITS-w-14-6_S74_L001_R1_001.fastq.gz,BRLUV2-L-230622-ITS-w-14-6_S74_L001_R2_001.fastq.gz
seq260520_BRLUV,L-230622-ITS-w-14-7,BRLUV2-L-230622-ITS-w-14-7_S73_L001_R1_001.fastq.gz,BRLUV2-L-230622-ITS-w-14-7_S73_L001_R2_001.fastq.gz
seq260520_BRLUV,L-230622-ITS-w-15-1,BRLUV2-L-230622-ITS-w-15-1_S72_L001_R1_001.fastq.gz,BRLUV2-L-230622-ITS-w-15-1_S72_L001_R2_001.fastq.gz
seq260520_BRLUV,L-230622-ITS-w-15-2,BRLUV2-L-230622-ITS-w-15-2_S84_L001_R1_001.fastq.gz,BRLUV2-L-230622-ITS-w-15-2_S84_L001_R2_001.fastq.gz
seq260520_BRLUV,L-230622-ITS-w-15-3,BRLUV2-L-230622-ITS-w-15-3_S99_L001_R1_001.fastq.gz,BRLUV2-L-230622-ITS-w-15-3_S99_L001_R2_001.fastq.gz
seq260520_BRLUV,L-230622-ITS-w-15-4,BRLUV2-L-230622-ITS-w-15-4_S100_L001_R1_001.fastq.gz,BRLUV2-L-230622-ITS-w-15-4_S100_L001_R2_001.fastq.gz
seq260520_BRLUV,L-230622-ITS-w-15-5,BRLUV2-L-230622-ITS-w-15-5_S101_L001_R1_001.fastq.gz,BRLUV2-L-230622-ITS-w-15-5_S101_L001_R2_001.fastq.gz
seq260520_BRLUV,L-230622-ITS-w-15-6,BRLUV2-L-230622-ITS-w-15-6_S128_L001_R1_001.fastq.gz,BRLUV2-L-230622-ITS-w-15-6_S128_L001_R2_001.fastq.gz
seq260520_BRLUV,L-230622-ITS-w-15-7,BRLUV2-L-230622-ITS-w-15-7_S127_L001_R1_001.fastq.gz,BRLUV2-L-230622-ITS-w-15-7_S127_L001_R2_001.fastq.gz
seq260520_BRLUV,L-230622-ITS-w-16-1,BRLUV2-L-230622-ITS-w-16-1_S126_L001_R1_001.fastq.gz,BRLUV2-L-230622-ITS-w-16-1_S126_L001_R2_001.fastq.gz
seq260520_BRLUV,L-230622-ITS-w-16-3,BRLUV2-L-230622-ITS-w-16-3_S125_L001_R1_001.fastq.gz,BRLUV2-L-230622-ITS-w-16-3_S125_L001_R2_001.fastq.gz
seq260520_BRLUV,L-230622-ITS-w-16-4,BRLUV2-L-230622-ITS-w-16-4_S124_L001_R1_001.fastq.gz,BRLUV2-L-230622-ITS-w-16-4_S124_L001_R2_001.fastq.gz
seq260520_BRLUV,L-230622-ITS-w-16-5,BRLUV2-L-230622-ITS-w-16-5_S123_L001_R1_001.fastq.gz,BRLUV2-L-230622-ITS-w-16-5_S123_L001_R2_001.fastq.gz
seq260520_BRLUV,L-230622-ITS-w-16-6,BRLUV2-L-230622-ITS-w-16-6_S122_L001_R1_001.fastq.gz,BRLUV2-L-230622-ITS-w-16-6_S122_L001_R2_001.fastq.gz
seq260520_BRLUV,L-230622-ITS-w-16-7,BRLUV2-L-230622-ITS-w-16-7_S121_L001_R1_001.fastq.gz,BRLUV2-L-230622-ITS-w-16-7_S121_L001_R2_001.fastq.gz
seq260520_BRLUV,L-230622-ITS-w-17-1,BRLUV2-L-230622-ITS-w-17-1_S120_L001_R1_001.fastq.gz,BRLUV2-L-230622-ITS-w-17-1_S120_L001_R2_001.fastq.gz
seq260520_BRLUV,L-230622-ITS-w-17-2,BRLUV2-L-230622-ITS-w-17-2_S119_L001_R1_001.fastq.gz,BRLUV2-L-230622-ITS-w-17-2_S119_L001_R2_001.fastq.gz
seq260520_BRLUV,L-230622-ITS-w-17-3,BRLUV2-L-230622-ITS-w-17-3_S118_L001_R1_001.fastq.gz,BRLUV2-L-230622-ITS-w-17-3_S118_L001_R2_001.fastq.gz
seq260520_BRLUV,L-230622-ITS-w-17-4,BRLUV2-L-230622-ITS-w-17-4_S117_L001_R1_001.fastq.gz,BRLUV2-L-230622-ITS-w-17-4_S117_L001_R2_001.fastq.gz
seq260520_BRLUV,L-230622-ITS-w-17-5,BRLUV2-L-230622-ITS-w-17-5_S116_L001_R1_001.fastq.gz,BRLUV2-L-230622-ITS-w-17-5_S116_L001_R2_001.fastq.gz
seq260520_BRLUV,L-230622-ITS-w-17-6,BRLUV2-L-230622-ITS-w-17-6_S115_L001_R1_001.fastq.gz,BRLUV2-L-230622-ITS-w-17-6_S115_L001_R2_001.fastq.gz
seq260520_BRLUV,L-230622-ITS-w-17-7,BRLUV2-L-230622-ITS-w-17-7_S114_L001_R1_001.fastq.gz,BRLUV2-L-230622-ITS-w-17-7_S114_L001_R2_001.fastq.gz
seq260520_BRLUV,L-230622-ITS-w-18-1,BRLUV2-L-230622-ITS-w-18-1_S113_L001_R1_001.fastq.gz,BRLUV2-L-230622-ITS-w-18-1_S113_L001_R2_001.fastq.gz
seq260520_BRLUV,L-230622-ITS-w-18-2,BRLUV2-L-230622-ITS-w-18-2_S112_L001_R1_001.fastq.gz,BRLUV2-L-230622-ITS-w-18-2_S112_L001_R2_001.fastq.gz
seq260520_BRLUV,L-230622-ITS-w-18-3,BRLUV2-L-230622-ITS-w-18-3_S111_L001_R1_001.fastq.gz,BRLUV2-L-230622-ITS-w-18-3_S111_L001_R2_001.fastq.gz
seq260520_BRLUV,L-230622-ITS-w-18-4,BRLUV2-L-230622-ITS-w-18-4_S110_L001_R1_001.fastq.gz,BRLUV2-L-230622-ITS-w-18-4_S110_L001_R2_001.fastq.gz
seq260520_BRLUV,L-230622-ITS-w-18-5,BRLUV2-L-230622-ITS-w-18-5_S109_L001_R1_001.fastq.gz,BRLUV2-L-230622-ITS-w-18-5_S109_L001_R2_001.fastq.gz
seq260520_BRLUV,L-230622-ITS-w-18-6,BRLUV2-L-230622-ITS-w-18-6_S108_L001_R1_001.fastq.gz,BRLUV2-L-230622-ITS-w-18-6_S108_L001_R2_001.fastq.gz
seq260520_BRLUV,L-230622-ITS-w-18-7,BRLUV2-L-230622-ITS-w-18-7_S107_L001_R1_001.fastq.gz,BRLUV2-L-230622-ITS-w-18-7_S107_L001_R2_001.fastq.gz
seq260520_BRLUV,L-230622-ITS-w-19-1,BRLUV2-L-230622-ITS-w-19-1_S106_L001_R1_001.fastq.gz,BRLUV2-L-230622-ITS-w-19-1_S106_L001_R2_001.fastq.gz
seq260520_BRLUV,L-230622-ITS-w-19-2,BRLUV2-L-230622-ITS-w-19-2_S105_L001_R1_001.fastq.gz,BRLUV2-L-230622-ITS-w-19-2_S105_L001_R2_001.fastq.gz
seq260520_BRLUV,L-230622-ITS-w-19-3,BRLUV2-L-230622-ITS-w-19-3_S104_L001_R1_001.fastq.gz,BRLUV2-L-230622-ITS-w-19-3_S104_L001_R2_001.fastq.gz
seq260520_BRLUV,L-230622-ITS-w-19-4,BRLUV2-L-230622-ITS-w-19-4_S103_L001_R1_001.fastq.gz,BRLUV2-L-230622-ITS-w-19-4_S103_L001_R2_001.fastq.gz
seq260520_BRLUV,L-230622-ITS-w-19-5,BRLUV2-L-230622-ITS-w-19-5_S102_L001_R1_001.fastq.gz,BRLUV2-L-230622-ITS-w-19-5_S102_L001_R2_001.fastq.gz
seq260520_BRLUV,L-230622-ITS-w-19-6,BRLUV2-L-230622-ITS-w-19-6_S291_L001_R1_001.fastq.gz,BRLUV2-L-230622-ITS-w-19-6_S291_L001_R2_001.fastq.gz
seq260520_BRLUV,L-230622-ITS-w-19-7,BRLUV2-L-230622-ITS-w-19-7_S173_L001_R1_001.fastq.gz,BRLUV2-L-230622-ITS-w-19-7_S173_L001_R2_001.fastq.gz
seq260520_BRLUV,L-230622-ITS-w-20-1,BRLUV2-L-230622-ITS-w-20-1_S78_L001_R1_001.fastq.gz,BRLUV2-L-230622-ITS-w-20-1_S78_L001_R2_001.fastq.gz
seq260520_BRLUV,L-230622-ITS-w-20-2,BRLUV2-L-230622-ITS-w-20-2_S79_L001_R1_001.fastq.gz,BRLUV2-L-230622-ITS-w-20-2_S79_L001_R2_001.fastq.gz
seq260520_BRLUV,L-230622-ITS-w-20-3,BRLUV2-L-230622-ITS-w-20-3_S80_L001_R1_001.fastq.gz,BRLUV2-L-230622-ITS-w-20-3_S80_L001_R2_001.fastq.gz
seq260520_BRLUV,L-230622-ITS-w-20-4,BRLUV2-L-230622-ITS-w-20-4_S81_L001_R1_001.fastq.gz,BRLUV2-L-230622-ITS-w-20-4_S81_L001_R2_001.fastq.gz
seq260520_BRLUV,L-230622-ITS-w-20-5,BRLUV2-L-230622-ITS-w-20-5_S82_L001_R1_001.fastq.gz,BRLUV2-L-230622-ITS-w-20-5_S82_L001_R2_001.fastq.gz
seq260520_BRLUV,L-230622-ITS-w-20-6,BRLUV2-L-230622-ITS-w-20-6_S83_L001_R1_001.fastq.gz,BRLUV2-L-230622-ITS-w-20-6_S83_L001_R2_001.fastq.gz
seq260520_BRLUV,L-230622-ITS-w-20-7,BRLUV2-L-230622-ITS-w-20-7_S85_L001_R1_001.fastq.gz,BRLUV2-L-230622-ITS-w-20-7_S85_L001_R2_001.fastq.gz
seq260520_BRLUV,L-230622-ITS-w-21-1,BRLUV2-L-230622-ITS-w-21-1_S98_L001_R1_001.fastq.gz,BRLUV2-L-230622-ITS-w-21-1_S98_L001_R2_001.fastq.gz
seq260520_BRLUV,L-230622-ITS-w-21-2,BRLUV2-L-230622-ITS-w-21-2_S86_L001_R1_001.fastq.gz,BRLUV2-L-230622-ITS-w-21-2_S86_L001_R2_001.fastq.gz
seq260520_BRLUV,L-230622-ITS-w-21-3,BRLUV2-L-230622-ITS-w-21-3_S87_L001_R1_001.fastq.gz,BRLUV2-L-230622-ITS-w-21-3_S87_L001_R2_001.fastq.gz
seq260520_BRLUV,L-230622-ITS-w-21-4,BRLUV2-L-230622-ITS-w-21-4_S88_L001_R1_001.fastq.gz,BRLUV2-L-230622-ITS-w-21-4_S88_L001_R2_001.fastq.gz
seq260520_BRLUV,L-230622-ITS-w-21-5,BRLUV2-L-230622-ITS-w-21-5_S89_L001_R1_001.fastq.gz,BRLUV2-L-230622-ITS-w-21-5_S89_L001_R2_001.fastq.gz
seq260520_BRLUV,L-230622-ITS-w-21-6,BRLUV2-L-230622-ITS-w-21-6_S90_L001_R1_001.fastq.gz,BRLUV2-L-230622-ITS-w-21-6_S90_L001_R2_001.fastq.gz
seq260520_BRLUV,L-230622-ITS-w-21-7,BRLUV2-L-230622-ITS-w-21-7_S91_L001_R1_001.fastq.gz,BRLUV2-L-230622-ITS-w-21-7_S91_L001_R2_001.fastq.gz
seq260520_BRLUV,L-230622-ITS-w-22-1,BRLUV2-L-230622-ITS-w-22-1_S92_L001_R1_001.fastq.gz,BRLUV2-L-230622-ITS-w-22-1_S92_L001_R2_001.fastq.gz
seq260520_BRLUV,L-230622-ITS-w-22-2,BRLUV2-L-230622-ITS-w-22-2_S93_L001_R1_001.fastq.gz,BRLUV2-L-230622-ITS-w-22-2_S93_L001_R2_001.fastq.gz
seq260520_BRLUV,L-230622-ITS-w-22-3,BRLUV2-L-230622-ITS-w-22-3_S94_L001_R1_001.fastq.gz,BRLUV2-L-230622-ITS-w-22-3_S94_L001_R2_001.fastq.gz
seq260520_BRLUV,L-230622-ITS-w-22-4,BRLUV2-L-230622-ITS-w-22-4_S95_L001_R1_001.fastq.gz,BRLUV2-L-230622-ITS-w-22-4_S95_L001_R2_001.fastq.gz
seq260520_BRLUV,L-230622-ITS-w-22-5,BRLUV2-L-230622-ITS-w-22-5_S96_L001_R1_001.fastq.gz,BRLUV2-L-230622-ITS-w-22-5_S96_L001_R2_001.fastq.gz
seq260520_BRLUV,L-230622-ITS-w-22-6,BRLUV2-L-230622-ITS-w-22-6_S97_L001_R1_001.fastq.gz,BRLUV2-L-230622-ITS-w-22-6_S97_L001_R2_001.fastq.gz
seq260520_BRLUV,L-230622-ITS-w-22-7,BRLUV2-L-230622-ITS-w-22-7_S129_L001_R1_001.fastq.gz,BRLUV2-L-230622-ITS-w-22-7_S129_L001_R2_001.fastq.gz
seq260520_BRLUV,L-230622-ITS-w-23-2,BRLUV2-L-230622-ITS-w-23-2_S171_L001_R1_001.fastq.gz,BRLUV2-L-230622-ITS-w-23-2_S171_L001_R2_001.fastq.gz
seq260520_BRLUV,L-230622-ITS-w-23-3,BRLUV2-L-230622-ITS-w-23-3_S131_L001_R1_001.fastq.gz,BRLUV2-L-230622-ITS-w-23-3_S131_L001_R2_001.fastq.gz
seq260520_BRLUV,L-230622-ITS-w-23-4,BRLUV2-L-230622-ITS-w-23-4_S161_L001_R1_001.fastq.gz,BRLUV2-L-230622-ITS-w-23-4_S161_L001_R2_001.fastq.gz
seq260520_BRLUV,L-230622-ITS-w-23-5,BRLUV2-L-230622-ITS-w-23-5_S162_L001_R1_001.fastq.gz,BRLUV2-L-230622-ITS-w-23-5_S162_L001_R2_001.fastq.gz
seq260520_BRLUV,L-230622-ITS-w-23-6,BRLUV2-L-230622-ITS-w-23-6_S163_L001_R1_001.fastq.gz,BRLUV2-L-230622-ITS-w-23-6_S163_L001_R2_001.fastq.gz
seq260520_BRLUV,L-230622-ITS-w-23-7,BRLUV2-L-230622-ITS-w-23-7_S164_L001_R1_001.fastq.gz,BRLUV2-L-230622-ITS-w-23-7_S164_L001_R2_001.fastq.gz
seq260520_BRLUV,L-230623-ITS-w-22-1,BRLUV2-L-230623-ITS-w-22-1_S313_L001_R1_001.fastq.gz,BRLUV2-L-230623-ITS-w-22-1_S313_L001_R2_001.fastq.gz
seq260520_BRLUV,L-230623-ITS-w-24-1,BRLUV2-L-230623-ITS-w-24-1_S315_L001_R1_001.fastq.gz,BRLUV2-L-230623-ITS-w-24-1_S315_L001_R2_001.fastq.gz
seq260520_BRLUV,L-230623-ITS-w-24-2,BRLUV2-L-230623-ITS-w-24-2_S316_L001_R1_001.fastq.gz,BRLUV2-L-230623-ITS-w-24-2_S316_L001_R2_001.fastq.gz
seq260520_BRLUV,L-230623-ITS-w-24-3,BRLUV2-L-230623-ITS-w-24-3_S317_L001_R1_001.fastq.gz,BRLUV2-L-230623-ITS-w-24-3_S317_L001_R2_001.fastq.gz
seq260520_BRLUV,L-230623-ITS-w-24-5,BRLUV2-L-230623-ITS-w-24-5_S318_L001_R1_001.fastq.gz,BRLUV2-L-230623-ITS-w-24-5_S318_L001_R2_001.fastq.gz
seq260520_BRLUV,L-230623-ITS-w-24-6,BRLUV2-L-230623-ITS-w-24-6_S319_L001_R1_001.fastq.gz,BRLUV2-L-230623-ITS-w-24-6_S319_L001_R2_001.fastq.gz
seq260520_BRLUV,L-230623-ITS-w-24-7,BRLUV2-L-230623-ITS-w-24-7_S320_L001_R1_001.fastq.gz,BRLUV2-L-230623-ITS-w-24-7_S320_L001_R2_001.fastq.gz
seq260520_BRLUV,S-2023-16S-w-P5-neg,BRLUV2-S-2023-16S-w-P5-neg_S324_L001_R1_001.fastq.gz,BRLUV2-S-2023-16S-w-P5-neg_S324_L001_R2_001.fastq.gz
seq260520_BRLUV,S-2023-16S-w-P5-pos,BRLUV2-S-2023-16S-w-P5-pos_S323_L001_R1_001.fastq.gz,BRLUV2-S-2023-16S-w-P5-pos_S323_L001_R2_001.fastq.gz
seq260520_BRLUV,S-240622-16S-w-14-2,BRLUV2-S-240622-16S-w-14-2_S266_L001_R1_001.fastq.gz,BRLUV2-S-240622-16S-w-14-2_S266_L001_R2_001.fastq.gz
seq260520_BRLUV,S-240622-16S-w-14-3,BRLUV2-S-240622-16S-w-14-3_S289_L001_R1_001.fastq.gz,BRLUV2-S-240622-16S-w-14-3_S289_L001_R2_001.fastq.gz
seq260520_BRLUV,S-240622-16S-w-14-4,BRLUV2-S-240622-16S-w-14-4_S268_L001_R1_001.fastq.gz,BRLUV2-S-240622-16S-w-14-4_S268_L001_R2_001.fastq.gz
seq260520_BRLUV,S-240622-16S-w-14-5,BRLUV2-S-240622-16S-w-14-5_S282_L001_R1_001.fastq.gz,BRLUV2-S-240622-16S-w-14-5_S282_L001_R2_001.fastq.gz
seq260520_BRLUV,S-240622-16S-w-14-6,BRLUV2-S-240622-16S-w-14-6_S281_L001_R1_001.fastq.gz,BRLUV2-S-240622-16S-w-14-6_S281_L001_R2_001.fastq.gz
seq260520_BRLUV,S-240622-16S-w-14-7,BRLUV2-S-240622-16S-w-14-7_S299_L001_R1_001.fastq.gz,BRLUV2-S-240622-16S-w-14-7_S299_L001_R2_001.fastq.gz
seq260520_BRLUV,S-240622-16S-w-15-1,BRLUV2-S-240622-16S-w-15-1_S295_L001_R1_001.fastq.gz,BRLUV2-S-240622-16S-w-15-1_S295_L001_R2_001.fastq.gz
seq260520_BRLUV,S-240622-16S-w-15-2,BRLUV2-S-240622-16S-w-15-2_S294_L001_R1_001.fastq.gz,BRLUV2-S-240622-16S-w-15-2_S294_L001_R2_001.fastq.gz
seq260520_BRLUV,S-240622-16S-w-15-3,BRLUV2-S-240622-16S-w-15-3_S293_L001_R1_001.fastq.gz,BRLUV2-S-240622-16S-w-15-3_S293_L001_R2_001.fastq.gz
seq260520_BRLUV,S-240622-16S-w-15-4,BRLUV2-S-240622-16S-w-15-4_S292_L001_R1_001.fastq.gz,BRLUV2-S-240622-16S-w-15-4_S292_L001_R2_001.fastq.gz
seq260520_BRLUV,S-240622-16S-w-15-5,BRLUV2-S-240622-16S-w-15-5_S137_L001_R1_001.fastq.gz,BRLUV2-S-240622-16S-w-15-5_S137_L001_R2_001.fastq.gz
seq260520_BRLUV,S-240622-16S-w-15-6,BRLUV2-S-240622-16S-w-15-6_S21_L001_R1_001.fastq.gz,BRLUV2-S-240622-16S-w-15-6_S21_L001_R2_001.fastq.gz
seq260520_BRLUV,S-240622-16S-w-15-7,BRLUV2-S-240622-16S-w-15-7_S11_L001_R1_001.fastq.gz,BRLUV2-S-240622-16S-w-15-7_S11_L001_R2_001.fastq.gz
seq260520_BRLUV,S-240622-16S-w-16-1,BRLUV2-S-240622-16S-w-16-1_S5_L001_R1_001.fastq.gz,BRLUV2-S-240622-16S-w-16-1_S5_L001_R2_001.fastq.gz
seq260520_BRLUV,S-240622-16S-w-16-2,BRLUV2-S-240622-16S-w-16-2_S6_L001_R1_001.fastq.gz,BRLUV2-S-240622-16S-w-16-2_S6_L001_R2_001.fastq.gz
seq260520_BRLUV,S-240622-16S-w-16-3,BRLUV2-S-240622-16S-w-16-3_S15_L001_R1_001.fastq.gz,BRLUV2-S-240622-16S-w-16-3_S15_L001_R2_001.fastq.gz
seq260520_BRLUV,S-240622-16S-w-16-4,BRLUV2-S-240622-16S-w-16-4_S24_L001_R1_001.fastq.gz,BRLUV2-S-240622-16S-w-16-4_S24_L001_R2_001.fastq.gz
seq260520_BRLUV,S-240622-16S-w-16-5,BRLUV2-S-240622-16S-w-16-5_S68_L001_R1_001.fastq.gz,BRLUV2-S-240622-16S-w-16-5_S68_L001_R2_001.fastq.gz
seq260520_BRLUV,S-240622-16S-w-16-6,BRLUV2-S-240622-16S-w-16-6_S26_L001_R1_001.fastq.gz,BRLUV2-S-240622-16S-w-16-6_S26_L001_R2_001.fastq.gz
seq260520_BRLUV,S-240622-16S-w-16-7,BRLUV2-S-240622-16S-w-16-7_S25_L001_R1_001.fastq.gz,BRLUV2-S-240622-16S-w-16-7_S25_L001_R2_001.fastq.gz
seq260520_BRLUV,S-240622-16S-w-17-1,BRLUV2-S-240622-16S-w-17-1_S50_L001_R1_001.fastq.gz,BRLUV2-S-240622-16S-w-17-1_S50_L001_R2_001.fastq.gz
seq260520_BRLUV,S-240622-16S-w-17-2,BRLUV2-S-240622-16S-w-17-2_S51_L001_R1_001.fastq.gz,BRLUV2-S-240622-16S-w-17-2_S51_L001_R2_001.fastq.gz
seq260520_BRLUV,S-240622-16S-w-17-3,BRLUV2-S-240622-16S-w-17-3_S52_L001_R1_001.fastq.gz,BRLUV2-S-240622-16S-w-17-3_S52_L001_R2_001.fastq.gz
seq260520_BRLUV,S-240622-16S-w-17-4,BRLUV2-S-240622-16S-w-17-4_S53_L001_R1_001.fastq.gz,BRLUV2-S-240622-16S-w-17-4_S53_L001_R2_001.fastq.gz
seq260520_BRLUV,S-240622-16S-w-17-5,BRLUV2-S-240622-16S-w-17-5_S54_L001_R1_001.fastq.gz,BRLUV2-S-240622-16S-w-17-5_S54_L001_R2_001.fastq.gz
seq260520_BRLUV,S-240622-16S-w-17-6,BRLUV2-S-240622-16S-w-17-6_S55_L001_R1_001.fastq.gz,BRLUV2-S-240622-16S-w-17-6_S55_L001_R2_001.fastq.gz
seq260520_BRLUV,S-240622-16S-w-17-7,BRLUV2-S-240622-16S-w-17-7_S61_L001_R1_001.fastq.gz,BRLUV2-S-240622-16S-w-17-7_S61_L001_R2_001.fastq.gz
seq260520_BRLUV,S-240622-16S-w-18-1,BRLUV2-S-240622-16S-w-18-1_S62_L001_R1_001.fastq.gz,BRLUV2-S-240622-16S-w-18-1_S62_L001_R2_001.fastq.gz
seq260520_BRLUV,S-240622-16S-w-18-2,BRLUV2-S-240622-16S-w-18-2_S63_L001_R1_001.fastq.gz,BRLUV2-S-240622-16S-w-18-2_S63_L001_R2_001.fastq.gz
seq260520_BRLUV,S-240622-16S-w-18-3,BRLUV2-S-240622-16S-w-18-3_S64_L001_R1_001.fastq.gz,BRLUV2-S-240622-16S-w-18-3_S64_L001_R2_001.fastq.gz
seq260520_BRLUV,S-240622-16S-w-18-4,BRLUV2-S-240622-16S-w-18-4_S45_L001_R1_001.fastq.gz,BRLUV2-S-240622-16S-w-18-4_S45_L001_R2_001.fastq.gz
seq260520_BRLUV,S-240622-16S-w-18-5,BRLUV2-S-240622-16S-w-18-5_S37_L001_R1_001.fastq.gz,BRLUV2-S-240622-16S-w-18-5_S37_L001_R2_001.fastq.gz
seq260520_BRLUV,S-240622-16S-w-18-6,BRLUV2-S-240622-16S-w-18-6_S44_L001_R1_001.fastq.gz,BRLUV2-S-240622-16S-w-18-6_S44_L001_R2_001.fastq.gz
seq260520_BRLUV,S-240622-16S-w-18-7,BRLUV2-S-240622-16S-w-18-7_S8_L001_R1_001.fastq.gz,BRLUV2-S-240622-16S-w-18-7_S8_L001_R2_001.fastq.gz
seq260520_BRLUV,S-240622-16S-w-19-1,BRLUV2-S-240622-16S-w-19-1_S49_L001_R1_001.fastq.gz,BRLUV2-S-240622-16S-w-19-1_S49_L001_R2_001.fastq.gz
seq260520_BRLUV,S-240622-16S-w-19-2,BRLUV2-S-240622-16S-w-19-2_S166_L001_R1_001.fastq.gz,BRLUV2-S-240622-16S-w-19-2_S166_L001_R2_001.fastq.gz
seq260520_BRLUV,S-240622-16S-w-19-3,BRLUV2-S-240622-16S-w-19-3_S34_L001_R1_001.fastq.gz,BRLUV2-S-240622-16S-w-19-3_S34_L001_R2_001.fastq.gz
seq260520_BRLUV,S-240622-16S-w-19-4,BRLUV2-S-240622-16S-w-19-4_S32_L001_R1_001.fastq.gz,BRLUV2-S-240622-16S-w-19-4_S32_L001_R2_001.fastq.gz
seq260520_BRLUV,S-240622-16S-w-19-5,BRLUV2-S-240622-16S-w-19-5_S31_L001_R1_001.fastq.gz,BRLUV2-S-240622-16S-w-19-5_S31_L001_R2_001.fastq.gz
seq260520_BRLUV,S-240622-16S-w-19-6,BRLUV2-S-240622-16S-w-19-6_S30_L001_R1_001.fastq.gz,BRLUV2-S-240622-16S-w-19-6_S30_L001_R2_001.fastq.gz
seq260520_BRLUV,S-240622-16S-w-19-7,BRLUV2-S-240622-16S-w-19-7_S29_L001_R1_001.fastq.gz,BRLUV2-S-240622-16S-w-19-7_S29_L001_R2_001.fastq.gz
seq260520_BRLUV,S-240622-16S-w-20-1,BRLUV2-S-240622-16S-w-20-1_S28_L001_R1_001.fastq.gz,BRLUV2-S-240622-16S-w-20-1_S28_L001_R2_001.fastq.gz
seq260520_BRLUV,S-240622-16S-w-20-2,BRLUV2-S-240622-16S-w-20-2_S27_L001_R1_001.fastq.gz,BRLUV2-S-240622-16S-w-20-2_S27_L001_R2_001.fastq.gz
seq260520_BRLUV,S-240622-16S-w-20-3,BRLUV2-S-240622-16S-w-20-3_S35_L001_R1_001.fastq.gz,BRLUV2-S-240622-16S-w-20-3_S35_L001_R2_001.fastq.gz
seq260520_BRLUV,S-240622-16S-w-20-4,BRLUV2-S-240622-16S-w-20-4_S47_L001_R1_001.fastq.gz,BRLUV2-S-240622-16S-w-20-4_S47_L001_R2_001.fastq.gz
seq260520_BRLUV,S-240622-16S-w-20-5,BRLUV2-S-240622-16S-w-20-5_S48_L001_R1_001.fastq.gz,BRLUV2-S-240622-16S-w-20-5_S48_L001_R2_001.fastq.gz
seq260520_BRLUV,S-240622-16S-w-20-6,BRLUV2-S-240622-16S-w-20-6_S67_L001_R1_001.fastq.gz,BRLUV2-S-240622-16S-w-20-6_S67_L001_R2_001.fastq.gz
seq260520_BRLUV,S-240622-16S-w-20-7,BRLUV2-S-240622-16S-w-20-7_S66_L001_R1_001.fastq.gz,BRLUV2-S-240622-16S-w-20-7_S66_L001_R2_001.fastq.gz
seq260520_BRLUV,S-240622-16S-w-21-1,BRLUV2-S-240622-16S-w-21-1_S57_L001_R1_001.fastq.gz,BRLUV2-S-240622-16S-w-21-1_S57_L001_R2_001.fastq.gz
seq260520_BRLUV,S-240622-16S-w-21-2,BRLUV2-S-240622-16S-w-21-2_S18_L001_R1_001.fastq.gz,BRLUV2-S-240622-16S-w-21-2_S18_L001_R2_001.fastq.gz
seq260520_BRLUV,S-240622-16S-w-21-3,BRLUV2-S-240622-16S-w-21-3_S14_L001_R1_001.fastq.gz,BRLUV2-S-240622-16S-w-21-3_S14_L001_R2_001.fastq.gz
seq260520_BRLUV,S-240622-16S-w-21-4,BRLUV2-S-240622-16S-w-21-4_S13_L001_R1_001.fastq.gz,BRLUV2-S-240622-16S-w-21-4_S13_L001_R2_001.fastq.gz
seq260520_BRLUV,S-240622-16S-w-21-5,BRLUV2-S-240622-16S-w-21-5_S12_L001_R1_001.fastq.gz,BRLUV2-S-240622-16S-w-21-5_S12_L001_R2_001.fastq.gz
seq260520_BRLUV,S-240622-16S-w-21-6,BRLUV2-S-240622-16S-w-21-6_S7_L001_R1_001.fastq.gz,BRLUV2-S-240622-16S-w-21-6_S7_L001_R2_001.fastq.gz
seq260520_BRLUV,S-240622-16S-w-21-7,BRLUV2-S-240622-16S-w-21-7_S4_L001_R1_001.fastq.gz,BRLUV2-S-240622-16S-w-21-7_S4_L001_R2_001.fastq.gz
seq260520_BRLUV,S-240622-16S-w-22-1,BRLUV2-S-240622-16S-w-22-1_S3_L001_R1_001.fastq.gz,BRLUV2-S-240622-16S-w-22-1_S3_L001_R2_001.fastq.gz
seq260520_BRLUV,S-240622-16S-w-22-2,BRLUV2-S-240622-16S-w-22-2_S2_L001_R1_001.fastq.gz,BRLUV2-S-240622-16S-w-22-2_S2_L001_R2_001.fastq.gz
seq260520_BRLUV,S-240622-16S-w-22-3,BRLUV2-S-240622-16S-w-22-3_S1_L001_R1_001.fastq.gz,BRLUV2-S-240622-16S-w-22-3_S1_L001_R2_001.fastq.gz
seq260520_BRLUV,S-240622-16S-w-22-4,BRLUV2-S-240622-16S-w-22-4_S165_L001_R1_001.fastq.gz,BRLUV2-S-240622-16S-w-22-4_S165_L001_R2_001.fastq.gz
seq260520_BRLUV,S-240622-16S-w-22-5,BRLUV2-S-240622-16S-w-22-5_S56_L001_R1_001.fastq.gz,BRLUV2-S-240622-16S-w-22-5_S56_L001_R2_001.fastq.gz
seq260520_BRLUV,S-240622-16S-w-22-6,BRLUV2-S-240622-16S-w-22-6_S58_L001_R1_001.fastq.gz,BRLUV2-S-240622-16S-w-22-6_S58_L001_R2_001.fastq.gz
seq260520_BRLUV,S-240622-16S-w-22-7,BRLUV2-S-240622-16S-w-22-7_S59_L001_R1_001.fastq.gz,BRLUV2-S-240622-16S-w-22-7_S59_L001_R2_001.fastq.gz
seq260520_BRLUV,S-240622-16S-w-23-2,BRLUV2-S-240622-16S-w-23-2_S159_L001_R1_001.fastq.gz,BRLUV2-S-240622-16S-w-23-2_S159_L001_R2_001.fastq.gz
seq260520_BRLUV,S-240622-16S-w-23-3,BRLUV2-S-240622-16S-w-23-3_S160_L001_R1_001.fastq.gz,BRLUV2-S-240622-16S-w-23-3_S160_L001_R2_001.fastq.gz
seq260520_BRLUV,S-240622-16S-w-23-4,BRLUV2-S-240622-16S-w-23-4_S170_L001_R1_001.fastq.gz,BRLUV2-S-240622-16S-w-23-4_S170_L001_R2_001.fastq.gz
seq260520_BRLUV,S-240622-16S-w-23-5,BRLUV2-S-240622-16S-w-23-5_S169_L001_R1_001.fastq.gz,BRLUV2-S-240622-16S-w-23-5_S169_L001_R2_001.fastq.gz
seq260520_BRLUV,S-240622-16S-w-23-6,BRLUV2-S-240622-16S-w-23-6_S168_L001_R1_001.fastq.gz,BRLUV2-S-240622-16S-w-23-6_S168_L001_R2_001.fastq.gz
seq260520_BRLUV,S-240622-16S-w-23-7,BRLUV2-S-240622-16S-w-23-7_S167_L001_R1_001.fastq.gz,BRLUV2-S-240622-16S-w-23-7_S167_L001_R2_001.fastq.gz
seq260520_BRLUV,S-240623-16S-w-23-1,BRLUV2-S-240623-16S-w-23-1_S314_L001_R1_001.fastq.gz,BRLUV2-S-240623-16S-w-23-1_S314_L001_R2_001.fastq.gz
seq260520_BRLUV,S-240624-16S-w-24-1,BRLUV2-S-240624-16S-w-24-1_S331_L001_R1_001.fastq.gz,BRLUV2-S-240624-16S-w-24-1_S331_L001_R2_001.fastq.gz
seq260520_BRLUV,S-240624-16S-w-24-2,BRLUV2-S-240624-16S-w-24-2_S330_L001_R1_001.fastq.gz,BRLUV2-S-240624-16S-w-24-2_S330_L001_R2_001.fastq.gz
seq260520_BRLUV,S-240624-16S-w-24-3,BRLUV2-S-240624-16S-w-24-3_S329_L001_R1_001.fastq.gz,BRLUV2-S-240624-16S-w-24-3_S329_L001_R2_001.fastq.gz
seq260520_BRLUV,S-240624-16S-w-24-4,BRLUV2-S-240624-16S-w-24-4_S328_L001_R1_001.fastq.gz,BRLUV2-S-240624-16S-w-24-4_S328_L001_R2_001.fastq.gz
seq260520_BRLUV,S-240624-16S-w-24-5,BRLUV2-S-240624-16S-w-24-5_S327_L001_R1_001.fastq.gz,BRLUV2-S-240624-16S-w-24-5_S327_L001_R2_001.fastq.gz
seq260520_BRLUV,S-240624-16S-w-24-6,BRLUV2-S-240624-16S-w-24-6_S326_L001_R1_001.fastq.gz,BRLUV2-S-240624-16S-w-24-6_S326_L001_R2_001.fastq.gz
seq260520_BRLUV,S-240624-16S-w-24-7,BRLUV2-S-240624-16S-w-24-7_S325_L001_R1_001.fastq.gz,BRLUV2-S-240624-16S-w-24-7_S325_L001_R2_001.fastq.gz
