LS_id,LY_id,SP_id,LS_block,LS_plot,LS_subplot,LS_cultivar,LS_spray,LS_fertilizer,LS_density,LS_location,LS_row_count
LS_LY_A_2022_SP_001,LY_A_2022,SP_001,1.0,1.0,,Rembrandt,False,n,,A,35
LS_LY_A_2022_SP_002,LY_A_2022,SP_002,1.0,2.0,,Heerup,False,n,,A,35
LS_LY_A_2022_SP_003,LY_A_2022,SP_003,1.0,3.0,,Kvium,False,n,,A,80
LS_LY_A_2022_SP_004,LY_A_2022,SP_004,1.0,4.0,,Rembrandt,True,n,,A,32
LS_LY_A_2022_SP_005,LY_A_2022,SP_005,1.0,5.0,,Kvium,True,n,,A,32
LS_LY_A_2022_SP_006,LY_A_2022,SP_006,1.0,6.0,,Heerup,True,n,,A,32
LS_LY_A_2022_SP_007,LY_A_2022,SP_007,2.0,7.0,,Heerup,True,n,,A,32
LS_LY_A_2022_SP_008,LY_A_2022,SP_008,2.0,8.0,,Rembrandt,True,n,,A,32
LS_LY_A_2022_SP_009,LY_A_2022,SP_009,2.0,9.0,,Kvium,True,n,,A,32
LS_LY_A_2022_SP_010,LY_A_2022,SP_010,2.0,10.0,,Rembrandt,False,n,,A,98
LS_LY_A_2022_SP_011,LY_A_2022,SP_011,2.0,11.0,,Kvium,False,n,,A,89
LS_LY_A_2022_SP_012,LY_A_2022,SP_012,2.0,12.0,,Heerup,False,n,,A,35
LS_LY_A_2022_SP_013,LY_A_2022,SP_013,3.0,13.0,,Heerup,False,n,,A,63
LS_LY_A_2022_SP_014,LY_A_2022,SP_014,3.0,14.0,,Rembrandt,False,n,,A,63
LS_LY_A_2022_SP_015,LY_A_2022,SP_015,3.0,15.0,,Kvium,False,n,,A,52
LS_LY_A_2022_SP_016,LY_A_2022,SP_016,3.0,16.0,,Rembrandt,True,n,,A,16
LS_LY_A_2022_SP_017,LY_A_2022,SP_017,3.0,17.0,,Kvium,True,n,,A,16
LS_LY_A_2022_SP_018,LY_A_2022,SP_018,3.0,18.0,,Heerup,True,n,,A,24
LS_LY_A_2022_SP_019,LY_A_2022,SP_019,4.0,19.0,,Rembrandt,True,n,,A,24
LS_LY_A_2022_SP_020,LY_A_2022,SP_020,4.0,20.0,,Heerup,True,n,,A,24
LS_LY_A_2022_SP_021,LY_A_2022,SP_021,4.0,21.0,,Kvium,True,n,,A,24
LS_LY_A_2022_SP_022,LY_A_2022,SP_022,4.0,22.0,,Kvium,False,n,,A,52
LS_LY_A_2022_SP_023,LY_A_2022,SP_023,4.0,23.0,,Rembrandt,False,n,,A,76
LS_LY_A_2022_SP_024,LY_A_2022,SP_024,4.0,24.0,,Heerup,False,n,,A,28
LS_LY_H_2022_SP_001,LY_H_2022,SP_001,1.0,1.0,,Kvium,False,n,unknown,H,35
LS_LY_H_2022_SP_002,LY_H_2022,SP_002,1.0,2.0,,Rembrandt,False,n,unknown,H,33
LS_LY_H_2022_SP_003,LY_H_2022,SP_003,1.0,3.0,,Heerup,False,n,unknown,H,33
LS_LY_H_2022_SP_004,LY_H_2022,SP_004,,4.0,,Kvium,True,,,H,20
LS_LY_H_2022_SP_005,LY_H_2022,SP_005,,5.0,,Rembrandt,True,,,H,20
LS_LY_H_2022_SP_006,LY_H_2022,SP_006,,6.0,,Heerup,True,,,H,21
LS_LY_H_2022_SP_007,LY_H_2022,SP_007,3.0,7.0,,Rembrandt,False,n,unknown,H,35
LS_LY_H_2022_SP_008,LY_H_2022,SP_008,3.0,8.0,,Kvium,False,n,unknown,H,32
LS_LY_H_2022_SP_009,LY_H_2022,SP_009,3.0,9.0,,Heerup,False,n,unknown,H,33
LS_LY_H_2022_SP_010,LY_H_2022,SP_010,,10.0,,Heerup,True,,,H,21
LS_LY_H_2022_SP_011,LY_H_2022,SP_011,,11.0,,Rembrandt,True,,,H,21
LS_LY_H_2022_SP_012,LY_H_2022,SP_012,,12.0,,Kvium,True,,,H,21
LS_LY_H_2022_SP_013,LY_H_2022,SP_013,5.0,13.0,,Kvium,False,n,unknown,H,29
LS_LY_H_2022_SP_014,LY_H_2022,SP_014,5.0,14.0,,Rembrandt,False,n,unknown,H,29
LS_LY_H_2022_SP_015,LY_H_2022,SP_015,5.0,15.0,,Heerup,False,n,unknown,H,28
LS_LY_H_2022_SP_016,LY_H_2022,SP_016,,16.0,,Heerup,True,,,H,14
LS_LY_H_2022_SP_017,LY_H_2022,SP_017,,17.0,,Kvium,True,,,H,14
LS_LY_H_2022_SP_018,LY_H_2022,SP_018,,18.0,,Rembrandt,True,,,H,14
LS_LY_H_2022_SP_019,LY_H_2022,SP_019,7.0,19.0,,Rembrandt,False,n,unknown,H,28
LS_LY_H_2022_SP_020,LY_H_2022,SP_020,7.0,20.0,,Kvium,False,n,unknown,H,26
LS_LY_H_2022_SP_021,LY_H_2022,SP_021,7.0,21.0,,Heerup,False,n,unknown,H,28
LS_LY_H_2022_SP_022,LY_H_2022,SP_022,,22.0,,Rembrandt,True,,,H,14
LS_LY_H_2022_SP_023,LY_H_2022,SP_023,,23.0,,Heerup,True,,,H,14
LS_LY_H_2022_SP_024,LY_H_2022,SP_024,,24.0,,Kvium,True,,,H,14
LS_LY_L_2022_SP_001,LY_L_2022,SP_001,,1.0,,Heerup,False,,,L,14
LS_LY_L_2022_SP_002,LY_L_2022,SP_002,,2.0,,Kvium,False,,,L,8
LS_LY_L_2022_SP_003,LY_L_2022,SP_003,,3.0,,Rembrandt,False,,,L,14
LS_LY_L_2022_SP_004,LY_L_2022,SP_004,,4.0,,Kvium,True,,,L,14
LS_LY_L_2022_SP_005,LY_L_2022,SP_005,,5.0,,Rembrandt,True,,,L,14
LS_LY_L_2022_SP_006,LY_L_2022,SP_006,,6.0,,Heerup,True,,,L,14
LS_LY_L_2022_SP_007,LY_L_2022,SP_007,,7.0,,Heerup,True,,,L,14
LS_LY_L_2022_SP_008,LY_L_2022,SP_008,,8.0,,Kvium,True,,,L,14
LS_LY_L_2022_SP_009,LY_L_2022,SP_009,,9.0,,Rembrandt,True,,,L,14
LS_LY_L_2022_SP_010,LY_L_2022,SP_010,,10.0,,Heerup,False,,,L,14
LS_LY_L_2022_SP_011,LY_L_2022,SP_011,,11.0,,Rembrandt,False,,,L,4
LS_LY_L_2022_SP_012,LY_L_2022,SP_012,,12.0,,Kvium,False,,,L,14
LS_LY_L_2022_SP_013,LY_L_2022,SP_013,,13.0,,Heerup,False,,,L,14
LS_LY_L_2022_SP_014,LY_L_2022,SP_014,,14.0,,Kvium,False,,,L,18
LS_LY_L_2022_SP_015,LY_L_2022,SP_015,,15.0,,Rembrandt,False,,,L,21
LS_LY_L_2022_SP_016,LY_L_2022,SP_016,,16.0,,Heerup,True,,,L,20
LS_LY_L_2022_SP_017,LY_L_2022,SP_017,,17.0,,Rembrandt,True,,,L,21
LS_LY_L_2022_SP_018,LY_L_2022,SP_018,,18.0,,Kvium,True,,,L,21
LS_LY_L_2022_SP_019,LY_L_2022,SP_019,,19.0,,Rembrandt,True,,,L,21
LS_LY_L_2022_SP_020,LY_L_2022,SP_020,,20.0,,Kvium,True,,,L,21
LS_LY_L_2022_SP_021,LY_L_2022,SP_021,,21.0,,Heerup,True,,,L,21
LS_LY_L_2022_SP_022,LY_L_2022,SP_022,,22.0,,Rembrandt,False,,,L,21
LS_LY_L_2022_SP_023,LY_L_2022,SP_023,,23.0,,Kvium,False,,,L,21
LS_LY_L_2022_SP_024,LY_L_2022,SP_024,,24.0,,Heerup,False,,,L,19
LS_LY_R_2022_SP_001,LY_R_2022,SP_001,1.0,1.0,,Rembrandt,False,NORMAL,unknown,R,74
LS_LY_R_2022_SP_002,LY_R_2022,SP_002,1.0,2.0,,Heerup,False,NORMAL,unknown,R,73
LS_LY_R_2022_SP_003,LY_R_2022,SP_003,3.0,3.0,,Kvium,True,NORMAL,unknown,R,59
LS_LY_R_2022_SP_004,LY_R_2022,SP_004,3.0,4.0,,Heerup,True,NORMAL,unknown,R,57
LS_LY_R_2022_SP_005,LY_R_2022,SP_005,3.0,5.0,,Rembrandt,True,NORMAL,unknown,R,57
LS_LY_R_2022_SP_006,LY_R_2022,SP_006,4.0 | 7.0,6.0,,Kvium,False,NORMAL,unknown,R,74
LS_LY_R_2022_SP_007,LY_R_2022,SP_007,6.0,7.0,,Heerup,True,NORMAL,unknown,R,59
LS_LY_R_2022_SP_008,LY_R_2022,SP_008,7.0,8.0,,Rembrandt,True,NORMAL,unknown,R,59
LS_LY_R_2022_SP_009,LY_R_2022,SP_009,7.0,9.0,,Kvium,True,NORMAL,unknown,R,56
LS_LY_R_2022_SP_010,LY_R_2022,SP_010,8.0,10.0,,Heerup,False,NORMAL,unknown,R,74
LS_LY_R_2022_SP_011,LY_R_2022,SP_011,8.0,11.0,,Rembrandt,False,NORMAL,unknown,R,74
LS_LY_R_2022_SP_012,LY_R_2022,SP_012,8.0,12.0,,Kvium,False,NORMAL,unknown,R,73
LS_LY_R_2022_SP_013,LY_R_2022,SP_013,9.0,13.0,,Heerup,False,NORMAL,unknown,R,74
LS_LY_R_2022_SP_014,LY_R_2022,SP_014,9.0,14.0,,Kvium,False,NORMAL,unknown,R,74
LS_LY_R_2022_SP_015,LY_R_2022,SP_015,9.0,15.0,,Rembrandt,False,NORMAL,unknown,R,73
LS_LY_R_2022_SP_016,LY_R_2022,SP_016,10.0,16.0,,Rembrandt,True,NORMAL,unknown,R,58
LS_LY_R_2022_SP_017,LY_R_2022,SP_017,10.0,17.0,,Heerup,True,NORMAL,unknown,R,59
LS_LY_R_2022_SP_018,LY_R_2022,SP_018,10.0,18.0,,Kvium,True,NORMAL,unknown,R,58
LS_LY_R_2022_SP_019,LY_R_2022,SP_019,13.0,19.0,,Rembrandt,False,NORMAL,unknown,R,72
LS_LY_R_2022_SP_020,LY_R_2022,SP_020,13.0,20.0,,Heerup,False,NORMAL,unknown,R,70
LS_LY_R_2022_SP_021,LY_R_2022,SP_021,14.0,21.0,,Heerup,True,NORMAL,unknown,R,57
LS_LY_R_2022_SP_022,LY_R_2022,SP_022,15.0,22.0,,Kvium,True,NORMAL,unknown,R,56
LS_LY_R_2022_SP_023,LY_R_2022,SP_023,15.0,23.0,,Rembrandt,True,NORMAL,unknown,R,58
LS_LY_R_2022_SP_024,LY_R_2022,SP_024,16.0,24.0,,Kvium,False,NORMAL,unknown,R,71
LS_LY_S_2022_SP_001,LY_S_2022,SP_001,,1.0,,Kvium,False,,,S,14
LS_LY_S_2022_SP_002,LY_S_2022,SP_002,,2.0,,Heerup,False,,,S,14
LS_LY_S_2022_SP_003,LY_S_2022,SP_003,,3.0,,Rembrandt,False,,,S,14
LS_LY_S_2022_SP_004,LY_S_2022,SP_004,,4.0,,Rembrandt,True,,,S,14
LS_LY_S_2022_SP_005,LY_S_2022,SP_005,,5.0,,Kvium,True,,,S,14
LS_LY_S_2022_SP_006,LY_S_2022,SP_006,,6.0,,Heerup,True,,,S,14
LS_LY_S_2022_SP_007,LY_S_2022,SP_007,,7.0,,Heerup,True,,,S,14
LS_LY_S_2022_SP_008,LY_S_2022,SP_008,,8.0,,Kvium,True,,,S,14
LS_LY_S_2022_SP_009,LY_S_2022,SP_009,,9.0,,Rembrandt,True,,,S,14
LS_LY_S_2022_SP_010,LY_S_2022,SP_010,,10.0,,Rembrandt,False,,,S,14
LS_LY_S_2022_SP_011,LY_S_2022,SP_011,,11.0,,Heerup,False,,,S,14
LS_LY_S_2022_SP_012,LY_S_2022,SP_012,,12.0,,Kvium,False,,,S,14
LS_LY_S_2022_SP_013,LY_S_2022,SP_013,,13.0,,Kvium,False,,,S,14
LS_LY_S_2022_SP_014,LY_S_2022,SP_014,,14.0,,Heerup,False,,,S,20
LS_LY_S_2022_SP_015,LY_S_2022,SP_015,,15.0,,Rembrandt,False,,,S,21
LS_LY_S_2022_SP_016,LY_S_2022,SP_016,,16.0,,Kvium,True,,,S,21
LS_LY_S_2022_SP_017,LY_S_2022,SP_017,,17.0,,Rembrandt,True,,,S,21
LS_LY_S_2022_SP_018,LY_S_2022,SP_018,,18.0,,Heerup,True,,,S,20
LS_LY_S_2022_SP_019,LY_S_2022,SP_019,,19.0,,Rembrandt,True,,,S,21
LS_LY_S_2022_SP_020,LY_S_2022,SP_020,,20.0,,Kvium,True,,,S,21
LS_LY_S_2022_SP_021,LY_S_2022,SP_021,,21.0,,Heerup,True,,,S,21
LS_LY_S_2022_SP_022,LY_S_2022,SP_022,,22.0,,Heerup,False,,,S,21
LS_LY_S_2022_SP_023,LY_S_2022,SP_023,,23.0,,Rembrandt,False,,,S,21
LS_LY_S_2022_SP_024,LY_S_2022,SP_024,,24.0,,Kvium,False,,,S,21
LS_LY_T_2020_SP_001,LY_T_2020,SP_001,,,,Elixir,,,,,2
LS_LY_T_2020_SP_002,LY_T_2020,SP_002,,,,Elixir,,,,,2
LS_LY_T_2020_SP_003,LY_T_2020,SP_003,,,,Elixir,,,,,2
LS_LY_T_2020_SP_004,LY_T_2020,SP_004,,,,Elixir,,,,,2
LS_LY_T_2020_SP_005,LY_T_2020,SP_005,,,,Elixir,,,,,2
LS_LY_T_2020_SP_006,LY_T_2020,SP_006,,,,Elixir,,,,,2
LS_LY_T_2020_SP_007,LY_T_2020,SP_007,,,,Elixir,,,,,2
LS_LY_T_2020_SP_008,LY_T_2020,SP_008,,,,Elixir,,,,,2
LS_LY_T_2020_SP_009,LY_T_2020,SP_009,,,,Elixir,,,,,2
LS_LY_T_2020_SP_010,LY_T_2020,SP_010,,,,Elixir,,,,,2
LS_LY_T_2020_SP_011,LY_T_2020,SP_011,,,,Elixir,,,,,2
LS_LY_T_2020_SP_012,LY_T_2020,SP_012,,,,Elixir,,,,,2
LS_LY_T_2020_SP_013,LY_T_2020,SP_013,,,,Elixir,,,,,2
LS_LY_T_2020_SP_014,LY_T_2020,SP_014,,,,Elixir,,,,,2
LS_LY_T_2020_SP_015,LY_T_2020,SP_015,,,,Elixir,,,,,2
LS_LY_T_2020_SP_016,LY_T_2020,SP_016,,,,Elixir,,,,,2
LS_LY_T_2020_SP_017,LY_T_2020,SP_017,,,,Elixir,,,,,2
LS_LY_T_2020_SP_018,LY_T_2020,SP_018,,,,Elixir,,,,,2
LS_LY_T_2020_SP_019,LY_T_2020,SP_019,,,,Elixir,,,,,2
LS_LY_T_2020_SP_020,LY_T_2020,SP_020,,,,Elixir,,,,,2
LS_LY_T_2020_SP_021,LY_T_2020,SP_021,,,,Elixir,,,,,2
LS_LY_T_2020_SP_022,LY_T_2020,SP_022,,,,Elixir,,,,,2
LS_LY_T_2020_SP_023,LY_T_2020,SP_023,,,,Elixir,,,,,2
LS_LY_T_2020_SP_024,LY_T_2020,SP_024,,,,Elixir,,,,,2
LS_LY_T_2020_SP_025,LY_T_2020,SP_025,,,,Elixir,,,,,2
LS_LY_T_2020_SP_026,LY_T_2020,SP_026,,,,Elixir,,,,,2
LS_LY_T_2020_SP_027,LY_T_2020,SP_027,,,,Elixir,,,,,2
LS_LY_T_2020_SP_028,LY_T_2020,SP_028,,,,Elixir,,,,,2
LS_LY_T_2020_SP_029,LY_T_2020,SP_029,,,,Elixir,,,,,2
LS_LY_T_2020_SP_030,LY_T_2020,SP_030,,,,Elixir,,,,,2
LS_LY_T_2020_SP_031,LY_T_2020,SP_031,,,,Elixir,,,,,2
LS_LY_T_2020_SP_032,LY_T_2020,SP_032,,,,Elixir,,,,,2
LS_LY_T_2020_SP_033,LY_T_2020,SP_033,,,,Elixir,,,,,2
LS_LY_T_2020_SP_034,LY_T_2020,SP_034,,,,Elixir,,,,,2
LS_LY_T_2020_SP_035,LY_T_2020,SP_035,,,,Elixir,,,,,2
LS_LY_T_2020_SP_036,LY_T_2020,SP_036,,,,Elixir,,,,,2
LS_LY_T_2020_SP_037,LY_T_2020,SP_037,,,,Elixir,,,,,2
LS_LY_T_2020_SP_038,LY_T_2020,SP_038,,,,Elixir,,,,,2
LS_LY_T_2020_SP_039,LY_T_2020,SP_039,,,,Elixir,,,,,2
LS_LY_T_2020_SP_040,LY_T_2020,SP_040,,,,Elixir,,,,,2
LS_LY_T_2020_SP_041,LY_T_2020,SP_041,,,,Elixir,,,,,2
LS_LY_T_2020_SP_042,LY_T_2020,SP_042,,,,Elixir,,,,,2
LS_LY_T_2020_SP_043,LY_T_2020,SP_043,,,,Elixir,,,,,2
LS_LY_T_2020_SP_044,LY_T_2020,SP_044,,,,Elixir,,,,,2
LS_LY_T_2020_SP_045,LY_T_2020,SP_045,,,,Elixir,,,,,2
LS_LY_T_2020_SP_046,LY_T_2020,SP_046,,,,Elixir,,,,,2
LS_LY_T_2020_SP_047,LY_T_2020,SP_047,,,,Elixir,,,,,2
LS_LY_T_2020_SP_048,LY_T_2020,SP_048,,,,Elixir,,,,,2
LS_LY_T_2020_SP_049,LY_T_2020,SP_049,,,,Elixir,,,,,2
LS_LY_T_2020_SP_050,LY_T_2020,SP_050,,,,Elixir,,,,,2
LS_LY_T_2021_SP_001,LY_T_2021,SP_001,1.0,1.0,1.0,Heerup,n,HALF,450.0,,2
LS_LY_T_2021_SP_002,LY_T_2021,SP_002,1.0,2.0,1.0,Heerup,n,HALF,300.0,,2
LS_LY_T_2021_SP_003,LY_T_2021,SP_003,1.0,3.0,1.0,Kvium,n,HALF,450.0,,2
LS_LY_T_2021_SP_004,LY_T_2021,SP_004,1.0,4.0,1.0,Sheriff,n,HALF,300.0,,2
LS_LY_T_2021_SP_005,LY_T_2021,SP_005,1.0,5.0,1.0,Rembrandt,n,HALF,150.0,,2
LS_LY_T_2021_SP_006,LY_T_2021,SP_006,1.0,6.0,1.0,Rembrandt,n,HALF,450.0,,2
LS_LY_T_2021_SP_007,LY_T_2021,SP_007,1.0,7.0,1.0,Heerup,n,HALF,150.0,,2
LS_LY_T_2021_SP_008,LY_T_2021,SP_008,1.0,8.0,1.0,Sheriff,n,HALF,450.0,,2
LS_LY_T_2021_SP_009,LY_T_2021,SP_009,1.0,9.0,1.0,Kvium,n,HALF,300.0,,2
LS_LY_T_2021_SP_010,LY_T_2021,SP_010,1.0,10.0,1.0,Sheriff,n,HALF,150.0,,2
LS_LY_T_2021_SP_011,LY_T_2021,SP_011,1.0,11.0,1.0,Rembrandt,n,HALF,300.0,,2
LS_LY_T_2021_SP_012,LY_T_2021,SP_012,1.0,12.0,1.0,Kvium,n,HALF,150.0,,2
LS_LY_T_2021_SP_013,LY_T_2021,SP_013,1.0,13.0,2.0,Kvium,n,NORMAL,150.0,,2
LS_LY_T_2021_SP_014,LY_T_2021,SP_014,1.0,14.0,2.0,Sheriff,n,NORMAL,150.0,,2
LS_LY_T_2021_SP_015,LY_T_2021,SP_015,1.0,15.0,2.0,Sheriff,n,NORMAL,450.0,,2
LS_LY_T_2021_SP_016,LY_T_2021,SP_016,1.0,16.0,2.0,Heerup,n,NORMAL,450.0,,2
LS_LY_T_2021_SP_017,LY_T_2021,SP_017,1.0,17.0,2.0,Rembrandt,n,NORMAL,300.0,,2
LS_LY_T_2021_SP_018,LY_T_2021,SP_018,1.0,18.0,2.0,Heerup,n,NORMAL,300.0,,2
LS_LY_T_2021_SP_019,LY_T_2021,SP_019,1.0,19.0,2.0,Kvium,n,NORMAL,300.0,,2
LS_LY_T_2021_SP_020,LY_T_2021,SP_020,1.0,20.0,2.0,Sheriff,n,NORMAL,300.0,,2
LS_LY_T_2021_SP_021,LY_T_2021,SP_021,1.0,21.0,2.0,Heerup,n,NORMAL,150.0,,2
LS_LY_T_2021_SP_022,LY_T_2021,SP_022,1.0,22.0,2.0,Rembrandt,n,NORMAL,450.0,,2
LS_LY_T_2021_SP_023,LY_T_2021,SP_023,1.0,23.0,2.0,Kvium,n,NORMAL,450.0,,2
LS_LY_T_2021_SP_024,LY_T_2021,SP_024,1.0,24.0,2.0,Rembrandt,n,NORMAL,150.0,,2
LS_LY_T_2021_SP_025,LY_T_2021,SP_025,1.0,25.0,3.0,Kvium,n,HALF,450.0,,2
LS_LY_T_2021_SP_026,LY_T_2021,SP_026,1.0,26.0,3.0,Rembrandt,n,HALF,300.0,,2
LS_LY_T_2021_SP_027,LY_T_2021,SP_027,1.0,27.0,3.0,Kvium,n,HALF,300.0,,2
LS_LY_T_2021_SP_028,LY_T_2021,SP_028,1.0,28.0,3.0,Kvium,n,HALF,150.0,,2
LS_LY_T_2021_SP_029,LY_T_2021,SP_029,1.0,29.0,3.0,Sheriff,n,HALF,450.0,,2
LS_LY_T_2021_SP_030,LY_T_2021,SP_030,1.0,30.0,3.0,Heerup,n,HALF,150.0,,2
LS_LY_T_2021_SP_031,LY_T_2021,SP_031,1.0,31.0,3.0,Sheriff,n,HALF,300.0,,2
LS_LY_T_2021_SP_032,LY_T_2021,SP_032,1.0,32.0,3.0,Rembrandt,n,HALF,450.0,,2
LS_LY_T_2021_SP_033,LY_T_2021,SP_033,1.0,33.0,3.0,Sheriff,n,HALF,150.0,,2
LS_LY_T_2021_SP_034,LY_T_2021,SP_034,1.0,34.0,3.0,Rembrandt,n,HALF,150.0,,2
LS_LY_T_2021_SP_035,LY_T_2021,SP_035,1.0,35.0,3.0,Heerup,n,HALF,450.0,,2
LS_LY_T_2021_SP_036,LY_T_2021,SP_036,1.0,36.0,3.0,Heerup,n,HALF,300.0,,2
LS_LY_T_2021_SP_037,LY_T_2021,SP_037,2.0,37.0,4.0,Sheriff,n,HALF,300.0,,2
LS_LY_T_2021_SP_038,LY_T_2021,SP_038,2.0,38.0,4.0,Rembrandt,n,HALF,300.0,,2
LS_LY_T_2021_SP_039,LY_T_2021,SP_039,2.0,39.0,4.0,Heerup,n,HALF,300.0,,2
LS_LY_T_2021_SP_040,LY_T_2021,SP_040,2.0,40.0,4.0,Heerup,n,HALF,450.0,,2
LS_LY_T_2021_SP_041,LY_T_2021,SP_041,2.0,41.0,4.0,Kvium,n,HALF,450.0,,2
LS_LY_T_2021_SP_042,LY_T_2021,SP_042,2.0,42.0,4.0,Rembrandt,n,HALF,450.0,,2
LS_LY_T_2021_SP_043,LY_T_2021,SP_043,2.0,43.0,4.0,Sheriff,n,HALF,450.0,,2
LS_LY_T_2021_SP_044,LY_T_2021,SP_044,2.0,44.0,4.0,Kvium,n,HALF,300.0,,2
LS_LY_T_2021_SP_045,LY_T_2021,SP_045,2.0,45.0,4.0,Rembrandt,n,HALF,150.0,,2
LS_LY_T_2021_SP_046,LY_T_2021,SP_046,2.0,46.0,4.0,Heerup,n,HALF,150.0,,2
LS_LY_T_2021_SP_047,LY_T_2021,SP_047,2.0,47.0,4.0,Kvium,n,HALF,150.0,,2
LS_LY_T_2021_SP_048,LY_T_2021,SP_048,2.0,48.0,4.0,Sheriff,n,HALF,150.0,,2
LS_LY_T_2021_SP_049,LY_T_2021,SP_049,2.0,49.0,5.0,Rembrandt,n,NORMAL,300.0,,2
LS_LY_T_2021_SP_050,LY_T_2021,SP_050,2.0,50.0,5.0,Kvium,n,NORMAL,150.0,,2
LS_LY_T_2021_SP_051,LY_T_2021,SP_051,2.0,51.0,5.0,Sheriff,n,NORMAL,300.0,,2
LS_LY_T_2021_SP_052,LY_T_2021,SP_052,2.0,52.0,5.0,Rembrandt,n,NORMAL,450.0,,2
LS_LY_T_2021_SP_053,LY_T_2021,SP_053,2.0,53.0,5.0,Heerup,n,NORMAL,450.0,,2
LS_LY_T_2021_SP_054,LY_T_2021,SP_054,2.0,54.0,5.0,Heerup,n,NORMAL,300.0,,2
LS_LY_T_2021_SP_055,LY_T_2021,SP_055,2.0,55.0,5.0,Rembrandt,n,NORMAL,150.0,,2
LS_LY_T_2021_SP_056,LY_T_2021,SP_056,2.0,56.0,5.0,Heerup,n,NORMAL,150.0,,2
LS_LY_T_2021_SP_057,LY_T_2021,SP_057,2.0,57.0,5.0,Sheriff,n,NORMAL,150.0,,2
LS_LY_T_2021_SP_058,LY_T_2021,SP_058,2.0,58.0,5.0,Kvium,n,NORMAL,300.0,,2
LS_LY_T_2021_SP_059,LY_T_2021,SP_059,2.0,59.0,5.0,Sheriff,n,NORMAL,450.0,,2
LS_LY_T_2021_SP_060,LY_T_2021,SP_060,2.0,60.0,5.0,Kvium,n,NORMAL,450.0,,2
LS_LY_T_2021_SP_061,LY_T_2021,SP_061,2.0,61.0,6.0,Sheriff,n,HALF,450.0,,2
LS_LY_T_2021_SP_062,LY_T_2021,SP_062,2.0,62.0,6.0,Sheriff,n,HALF,300.0,,2
LS_LY_T_2021_SP_063,LY_T_2021,SP_063,2.0,63.0,6.0,Kvium,n,HALF,450.0,,2
LS_LY_T_2021_SP_064,LY_T_2021,SP_064,2.0,64.0,6.0,Heerup,n,HALF,450.0,,2
LS_LY_T_2021_SP_065,LY_T_2021,SP_065,2.0,65.0,6.0,Heerup,n,HALF,150.0,,2
LS_LY_T_2021_SP_066,LY_T_2021,SP_066,2.0,66.0,6.0,Rembrandt,n,HALF,150.0,,2
LS_LY_T_2021_SP_067,LY_T_2021,SP_067,2.0,67.0,6.0,Kvium,n,HALF,150.0,,2
LS_LY_T_2021_SP_068,LY_T_2021,SP_068,2.0,68.0,6.0,Rembrandt,n,HALF,450.0,,2
LS_LY_T_2021_SP_069,LY_T_2021,SP_069,2.0,69.0,6.0,Rembrandt,n,HALF,300.0,,2
LS_LY_T_2021_SP_070,LY_T_2021,SP_070,2.0,70.0,6.0,Heerup,n,HALF,300.0,,2
LS_LY_T_2021_SP_071,LY_T_2021,SP_071,2.0,71.0,6.0,Sheriff,n,HALF,150.0,,2
LS_LY_T_2021_SP_072,LY_T_2021,SP_072,2.0,72.0,6.0,Kvium,n,HALF,300.0,,2
LS_LY_T_2021_SP_073,LY_T_2021,SP_073,3.0,73.0,7.0,Rembrandt,n,HALF,300.0,,2
LS_LY_T_2021_SP_074,LY_T_2021,SP_074,3.0,74.0,7.0,Rembrandt,n,HALF,450.0,,2
LS_LY_T_2021_SP_075,LY_T_2021,SP_075,3.0,75.0,7.0,Heerup,n,HALF,150.0,,2
LS_LY_T_2021_SP_076,LY_T_2021,SP_076,3.0,76.0,7.0,Rembrandt,n,HALF,150.0,,2
LS_LY_T_2021_SP_077,LY_T_2021,SP_077,3.0,77.0,7.0,Sheriff,n,HALF,150.0,,2
LS_LY_T_2021_SP_078,LY_T_2021,SP_078,3.0,78.0,7.0,Heerup,n,HALF,450.0,,2
LS_LY_T_2021_SP_079,LY_T_2021,SP_079,3.0,79.0,7.0,Kvium,n,HALF,150.0,,2
LS_LY_T_2021_SP_080,LY_T_2021,SP_080,3.0,80.0,7.0,Kvium,n,HALF,450.0,,2
LS_LY_T_2021_SP_081,LY_T_2021,SP_081,3.0,81.0,7.0,Heerup,n,HALF,300.0,,2
LS_LY_T_2021_SP_082,LY_T_2021,SP_082,3.0,82.0,7.0,Sheriff,n,HALF,300.0,,2
LS_LY_T_2021_SP_083,LY_T_2021,SP_083,3.0,83.0,7.0,Kvium,n,HALF,300.0,,2
LS_LY_T_2021_SP_084,LY_T_2021,SP_084,3.0,84.0,7.0,Sheriff,n,HALF,450.0,,2
LS_LY_T_2021_SP_085,LY_T_2021,SP_085,3.0,85.0,8.0,Heerup,n,HALF,150.0,,2
LS_LY_T_2021_SP_086,LY_T_2021,SP_086,3.0,86.0,8.0,Heerup,n,HALF,300.0,,2
LS_LY_T_2021_SP_087,LY_T_2021,SP_087,3.0,87.0,8.0,Kvium,n,HALF,300.0,,2
LS_LY_T_2021_SP_088,LY_T_2021,SP_088,3.0,88.0,8.0,Sheriff,n,HALF,300.0,,2
LS_LY_T_2021_SP_089,LY_T_2021,SP_089,3.0,89.0,8.0,Rembrandt,n,HALF,450.0,,2
LS_LY_T_2021_SP_090,LY_T_2021,SP_090,3.0,90.0,8.0,Sheriff,n,HALF,150.0,,2
LS_LY_T_2021_SP_091,LY_T_2021,SP_091,3.0,91.0,8.0,Heerup,n,HALF,450.0,,2
LS_LY_T_2021_SP_092,LY_T_2021,SP_092,3.0,92.0,8.0,Sheriff,n,HALF,450.0,,2
LS_LY_T_2021_SP_093,LY_T_2021,SP_093,3.0,93.0,8.0,Rembrandt,n,HALF,300.0,,2
LS_LY_T_2021_SP_094,LY_T_2021,SP_094,3.0,94.0,8.0,Kvium,n,HALF,450.0,,2
LS_LY_T_2021_SP_095,LY_T_2021,SP_095,3.0,95.0,8.0,Kvium,n,HALF,150.0,,3
LS_LY_T_2021_SP_096,LY_T_2021,SP_096,3.0,96.0,8.0,Rembrandt,n,HALF,150.0,,3
LS_LY_T_2021_SP_097,LY_T_2021,SP_097,3.0,97.0,9.0,Sheriff,n,NORMAL,150.0,,3
LS_LY_T_2021_SP_098,LY_T_2021,SP_098,3.0,98.0,9.0,Rembrandt,n,NORMAL,450.0,,3
LS_LY_T_2021_SP_099,LY_T_2021,SP_099,3.0,99.0,9.0,Heerup,n,NORMAL,450.0,,3
LS_LY_T_2021_SP_100,LY_T_2021,SP_100,3.0,100.0,9.0,Kvium,n,NORMAL,150.0,,3
LS_LY_T_2021_SP_101,LY_T_2021,SP_101,3.0,101.0,9.0,Rembrandt,n,NORMAL,300.0,,3
LS_LY_T_2021_SP_102,LY_T_2021,SP_102,3.0,102.0,9.0,Heerup,n,NORMAL,300.0,,3
LS_LY_T_2021_SP_103,LY_T_2021,SP_103,3.0,103.0,9.0,Rembrandt,n,NORMAL,150.0,,3
LS_LY_T_2021_SP_104,LY_T_2021,SP_104,3.0,104.0,9.0,Sheriff,n,NORMAL,450.0,,3
LS_LY_T_2021_SP_105,LY_T_2021,SP_105,3.0,105.0,9.0,Kvium,n,NORMAL,450.0,,3
LS_LY_T_2021_SP_106,LY_T_2021,SP_106,3.0,106.0,9.0,Sheriff,n,NORMAL,300.0,,3
LS_LY_T_2021_SP_107,LY_T_2021,SP_107,3.0,107.0,9.0,Kvium,n,NORMAL,300.0,,3
LS_LY_T_2021_SP_108,LY_T_2021,SP_108,3.0,108.0,9.0,Heerup,n,NORMAL,150.0,,3
LS_LY_T_2021_SP_109,LY_T_2021,SP_109,4.0,109.0,10.0,Sheriff,n,HALF,150.0,,3
LS_LY_T_2021_SP_110,LY_T_2021,SP_110,4.0,110.0,10.0,Heerup,n,HALF,450.0,,3
LS_LY_T_2021_SP_111,LY_T_2021,SP_111,4.0,111.0,10.0,Heerup,n,HALF,300.0,,3
LS_LY_T_2021_SP_112,LY_T_2021,SP_112,4.0,112.0,10.0,Rembrandt,n,HALF,150.0,,3
LS_LY_T_2021_SP_113,LY_T_2021,SP_113,4.0,113.0,10.0,Kvium,n,HALF,450.0,,3
LS_LY_T_2021_SP_114,LY_T_2021,SP_114,4.0,114.0,10.0,Kvium,n,HALF,150.0,,3
LS_LY_T_2021_SP_115,LY_T_2021,SP_115,4.0,115.0,10.0,Rembrandt,n,HALF,450.0,,3
LS_LY_T_2021_SP_116,LY_T_2021,SP_116,4.0,116.0,10.0,Sheriff,n,HALF,450.0,,3
LS_LY_T_2021_SP_117,LY_T_2021,SP_117,4.0,117.0,10.0,Kvium,n,HALF,300.0,,3
LS_LY_T_2021_SP_118,LY_T_2021,SP_118,4.0,118.0,10.0,Rembrandt,n,HALF,300.0,,3
LS_LY_T_2021_SP_119,LY_T_2021,SP_119,4.0,119.0,10.0,Heerup,n,HALF,150.0,,3
LS_LY_T_2021_SP_120,LY_T_2021,SP_120,4.0,120.0,10.0,Sheriff,n,HALF,300.0,,3
LS_LY_T_2021_SP_121,LY_T_2021,SP_121,4.0,121.0,11.0,Kvium,n,HALF,300.0,,3
LS_LY_T_2021_SP_122,LY_T_2021,SP_122,4.0,122.0,11.0,Rembrandt,n,HALF,150.0,,3
LS_LY_T_2021_SP_123,LY_T_2021,SP_123,4.0,123.0,11.0,Sheriff,n,HALF,150.0,,3
LS_LY_T_2021_SP_124,LY_T_2021,SP_124,4.0,124.0,11.0,Rembrandt,n,HALF,450.0,,3
LS_LY_T_2021_SP_125,LY_T_2021,SP_125,4.0,125.0,11.0,Rembrandt,n,HALF,300.0,,3
LS_LY_T_2021_SP_126,LY_T_2021,SP_126,4.0,126.0,11.0,Heerup,n,HALF,450.0,,3
LS_LY_T_2021_SP_127,LY_T_2021,SP_127,4.0,127.0,11.0,Kvium,n,HALF,150.0,,3
LS_LY_T_2021_SP_128,LY_T_2021,SP_128,4.0,128.0,11.0,Kvium,n,HALF,450.0,,3
LS_LY_T_2021_SP_129,LY_T_2021,SP_129,4.0,129.0,11.0,Heerup,n,HALF,300.0,,3
LS_LY_T_2021_SP_130,LY_T_2021,SP_130,4.0,130.0,11.0,Heerup,n,HALF,150.0,,3
LS_LY_T_2021_SP_131,LY_T_2021,SP_131,4.0,131.0,11.0,Sheriff,n,HALF,450.0,,3
LS_LY_T_2021_SP_132,LY_T_2021,SP_132,4.0,132.0,11.0,Sheriff,n,HALF,300.0,,3
LS_LY_T_2021_SP_133,LY_T_2021,SP_133,4.0,133.0,12.0,Rembrandt,n,NORMAL,300.0,,3
LS_LY_T_2021_SP_134,LY_T_2021,SP_134,4.0,134.0,12.0,Sheriff,n,NORMAL,450.0,,3
LS_LY_T_2021_SP_135,LY_T_2021,SP_135,4.0,135.0,12.0,Heerup,n,NORMAL,450.0,,3
LS_LY_T_2021_SP_136,LY_T_2021,SP_136,4.0,136.0,12.0,Kvium,n,NORMAL,150.0,,3
LS_LY_T_2021_SP_137,LY_T_2021,SP_137,4.0,137.0,12.0,Heerup,n,NORMAL,150.0,,3
LS_LY_T_2021_SP_138,LY_T_2021,SP_138,4.0,138.0,12.0,Heerup,n,NORMAL,300.0,,3
LS_LY_T_2021_SP_139,LY_T_2021,SP_139,4.0,139.0,12.0,Kvium,n,NORMAL,300.0,,3
LS_LY_T_2021_SP_140,LY_T_2021,SP_140,4.0,140.0,12.0,Sheriff,n,NORMAL,300.0,,3
LS_LY_T_2021_SP_141,LY_T_2021,SP_141,4.0,141.0,12.0,Rembrandt,n,NORMAL,450.0,,3
LS_LY_T_2021_SP_142,LY_T_2021,SP_142,4.0,142.0,12.0,Rembrandt,n,NORMAL,150.0,,3
LS_LY_T_2021_SP_143,LY_T_2021,SP_143,4.0,143.0,12.0,Sheriff,n,NORMAL,150.0,,3
LS_LY_T_2021_SP_144,LY_T_2021,SP_144,4.0,144.0,12.0,Kvium,n,NORMAL,450.0,,3
LS_LY_T_2023_SP_001,LY_T_2023,SP_001,1,1,1,Heerup,n,Normal,150.0,T,2
LS_LY_T_2023_SP_002,LY_T_2023,SP_002,1,2,2,Heerup,n,Normal,450.0,T,2
LS_LY_T_2023_SP_003,LY_T_2023,SP_003,1,3,1,Heerup,n,Normal,300.0,T,50
LS_LY_T_2023_SP_004,LY_T_2023,SP_004,1,4,4,Sheriff,n,Normal,150.0,T,2
LS_LY_T_2023_SP_005,LY_T_2023,SP_005,1,5,1,Sheriff,n,Normal,300.0,T,51
LS_LY_T_2023_SP_006,LY_T_2023,SP_006,1,6,6,Kvium,n,Normal,150.0,T,2
LS_LY_T_2023_SP_007,LY_T_2023,SP_007,1,7,7,Kvium,n,Normal,450.0,T,2
LS_LY_T_2023_SP_008,LY_T_2023,SP_008,1,8,8,Rembrandt,n,Normal,150.0,T,2
LS_LY_T_2023_SP_009,LY_T_2023,SP_009,1,9,1,Kvium,n,Normal,300.0,T,51
LS_LY_T_2023_SP_010,LY_T_2023,SP_010,1,10,1,Rembrandt,n,Normal,300.0,T,46
LS_LY_T_2023_SP_011,LY_T_2023,SP_011,1,11,11,Rembrandt,n,Normal,450.0,T,2
LS_LY_T_2023_SP_012,LY_T_2023,SP_012,1,12,12,Sheriff,n,Normal,450.0,T,2
LS_LY_T_2023_SP_013,LY_T_2023,SP_013,1,13,1,Kvium,n,Half,450.0,T,2
LS_LY_T_2023_SP_014,LY_T_2023,SP_014,1,14,2,Sheriff,n,Half,150.0,T,2
LS_LY_T_2023_SP_015,LY_T_2023,SP_015,1,15,3,Kvium,n,Half,150.0,T,2
LS_LY_T_2023_SP_016,LY_T_2023,SP_016,1,16,4,Sheriff,n,Half,450.0,T,2
LS_LY_T_2023_SP_017,LY_T_2023,SP_017,1,17,2,Rembrandt,n,Half,300.0,T,46
LS_LY_T_2023_SP_018,LY_T_2023,SP_018,1,18,2,Heerup,n,Half,300.0,T,44
LS_LY_T_2023_SP_019,LY_T_2023,SP_019,1,19,7,Rembrandt,n,Half,450.0,T,2
LS_LY_T_2023_SP_020,LY_T_2023,SP_020,1,20,8,Heerup,n,Half,150.0,T,2
LS_LY_T_2023_SP_021,LY_T_2023,SP_021,1,21,9,Rembrandt,n,Half,150.0,T,2
LS_LY_T_2023_SP_022,LY_T_2023,SP_022,1,22,2,Kvium,n,Half,300.0,T,47
LS_LY_T_2023_SP_023,LY_T_2023,SP_023,1,23,11,Heerup,n,Half,450.0,T,2
LS_LY_T_2023_SP_024,LY_T_2023,SP_024,1,24,2,Sheriff,n,Half,300.0,T,42
LS_LY_T_2023_SP_025,LY_T_2023,SP_025,1,25,3,Rembrandt,n,Zero,300.0,T,48
LS_LY_T_2023_SP_026,LY_T_2023,SP_026,1,26,3,Sheriff,n,Zero,300.0,T,51
LS_LY_T_2023_SP_027,LY_T_2023,SP_027,1,27,3,Rembrandt,n,Zero,150.0,T,2
LS_LY_T_2023_SP_028,LY_T_2023,SP_028,1,28,3,Kvium,n,Zero,300.0,T,50
LS_LY_T_2023_SP_029,LY_T_2023,SP_029,1,29,5,Sheriff,n,Zero,450.0,T,2
LS_LY_T_2023_SP_030,LY_T_2023,SP_030,1,30,6,Kvium,n,Zero,150.0,T,2
LS_LY_T_2023_SP_031,LY_T_2023,SP_031,1,31,7,Sheriff,n,Zero,150.0,T,2
LS_LY_T_2023_SP_032,LY_T_2023,SP_032,1,32,8,Heerup,n,Zero,150.0,T,2
LS_LY_T_2023_SP_033,LY_T_2023,SP_033,1,33,9,Heerup,n,Zero,450.0,T,2
LS_LY_T_2023_SP_034,LY_T_2023,SP_034,1,34,10,Rembrandt,n,Zero,450.0,T,2
LS_LY_T_2023_SP_035,LY_T_2023,SP_035,1,35,3,Heerup,n,Zero,300.0,T,50
LS_LY_T_2023_SP_036,LY_T_2023,SP_036,1,36,12,Kvium,n,Zero,450.0,T,2
LS_LY_T_2023_SP_037,LY_T_2023,SP_037,2,37,4,Heerup,n,Half,300.0,T,46
LS_LY_T_2023_SP_038,LY_T_2023,SP_038,2,38,4,Sheriff,n,Half,300.0,T,46
LS_LY_T_2023_SP_039,LY_T_2023,SP_039,2,39,3,Kvium,n,Half,450.0,T,2
LS_LY_T_2023_SP_040,LY_T_2023,SP_040,2,40,4,Sheriff,n,Half,450.0,T,2
LS_LY_T_2023_SP_041,LY_T_2023,SP_041,2,41,4,Rembrandt,n,Half,300.0,T,46
LS_LY_T_2023_SP_042,LY_T_2023,SP_042,2,42,6,Heerup,n,Half,150.0,T,2
LS_LY_T_2023_SP_043,LY_T_2023,SP_043,2,43,7,Heerup,n,Half,450.0,T,2
LS_LY_T_2023_SP_044,LY_T_2023,SP_044,2,44,4,Kvium,n,Half,300.0,T,45
LS_LY_T_2023_SP_045,LY_T_2023,SP_045,2,45,9,Rembrandt,n,Half,450.0,T,2
LS_LY_T_2023_SP_046,LY_T_2023,SP_046,2,46,10,Kvium,n,Half,150.0,T,2
LS_LY_T_2023_SP_047,LY_T_2023,SP_047,2,47,11,Rembrandt,n,Half,150.0,T,2
LS_LY_T_2023_SP_048,LY_T_2023,SP_048,2,48,12,Sheriff,n,Half,150.0,T,2
LS_LY_T_2023_SP_049,LY_T_2023,SP_049,2,49,1,Sheriff,n,Zero,450.0,T,2
LS_LY_T_2023_SP_050,LY_T_2023,SP_050,2,50,2,Kvium,n,Zero,450.0,T,2
LS_LY_T_2023_SP_051,LY_T_2023,SP_051,2,51,5,Heerup,n,Zero,300.0,T,49
LS_LY_T_2023_SP_052,LY_T_2023,SP_052,2,52,4,Heerup,n,Zero,450.0,T,2
LS_LY_T_2023_SP_053,LY_T_2023,SP_053,2,53,5,Sheriff,n,Zero,300.0,T,46
LS_LY_T_2023_SP_054,LY_T_2023,SP_054,2,54,6,Sheriff,n,Zero,150.0,T,2
LS_LY_T_2023_SP_055,LY_T_2023,SP_055,2,55,5,Rembrandt,n,Zero,300.0,T,51
LS_LY_T_2023_SP_056,LY_T_2023,SP_056,2,56,8,Heerup,n,Zero,150.0,T,2
LS_LY_T_2023_SP_057,LY_T_2023,SP_057,2,57,9,Rembrandt,n,Zero,150.0,T,2
LS_LY_T_2023_SP_058,LY_T_2023,SP_058,2,58,10,Kvium,n,Zero,150.0,T,2
LS_LY_T_2023_SP_059,LY_T_2023,SP_059,2,59,5,Kvium,n,Zero,300.0,T,50
LS_LY_T_2023_SP_060,LY_T_2023,SP_060,2,60,12,Rembrandt,n,Zero,450.0,T,2
LS_LY_T_2023_SP_061,LY_T_2023,SP_061,2,61,6,Heerup,n,Normal,300.0,T,53
LS_LY_T_2023_SP_062,LY_T_2023,SP_062,2,62,2,Kvium,n,Normal,150.0,T,2
LS_LY_T_2023_SP_063,LY_T_2023,SP_063,2,63,3,Sheriff,n,Normal,150.0,T,2
LS_LY_T_2023_SP_064,LY_T_2023,SP_064,2,64,4,Heerup,n,Normal,450.0,T,2
LS_LY_T_2023_SP_065,LY_T_2023,SP_065,2,65,5,Rembrandt,n,Normal,450.0,T,2
LS_LY_T_2023_SP_066,LY_T_2023,SP_066,2,66,6,Kvium,n,Normal,300.0,T,55
LS_LY_T_2023_SP_067,LY_T_2023,SP_067,2,67,7,Rembrandt,n,Normal,150.0,T,2
LS_LY_T_2023_SP_068,LY_T_2023,SP_068,2,68,6,Sheriff,n,Normal,300.0,T,50
LS_LY_T_2023_SP_069,LY_T_2023,SP_069,2,69,9,Heerup,n,Normal,150.0,T,2
LS_LY_T_2023_SP_070,LY_T_2023,SP_070,2,70,10,Kvium,n,Normal,450.0,T,2
LS_LY_T_2023_SP_071,LY_T_2023,SP_071,2,71,11,Sheriff,n,Normal,450.0,T,2
LS_LY_T_2023_SP_072,LY_T_2023,SP_072,2,72,6,Rembrandt,n,Normal,300.0,T,56
LS_LY_T_2023_SP_073,LY_T_2023,SP_073,3,73,1,Kvium,n,Half,150.0,T,2
LS_LY_T_2023_SP_074,LY_T_2023,SP_074,3,74,2,Heerup,n,Half,450.0,T,2
LS_LY_T_2023_SP_075,LY_T_2023,SP_075,3,75,7,Sheriff,n,Half,300.0,T,46
LS_LY_T_2023_SP_076,LY_T_2023,SP_076,3,76,4,Heerup,n,Half,150.0,T,2
LS_LY_T_2023_SP_077,LY_T_2023,SP_077,3,77,5,Rembrandt,n,Half,450.0,T,2
LS_LY_T_2023_SP_078,LY_T_2023,SP_078,3,78,6,Rembrandt,n,Half,150.0,T,2
LS_LY_T_2023_SP_079,LY_T_2023,SP_079,3,79,7,Sheriff,n,Half,450.0,T,2
LS_LY_T_2023_SP_080,LY_T_2023,SP_080,3,80,7,Heerup,n,Half,300.0,T,48
LS_LY_T_2023_SP_081,LY_T_2023,SP_081,3,81,7,Kvium,n,Half,300.0,T,48
LS_LY_T_2023_SP_082,LY_T_2023,SP_082,3,82,7,Rembrandt,n,Half,300.0,T,48
LS_LY_T_2023_SP_083,LY_T_2023,SP_083,3,83,11,Sheriff,n,Half,150.0,T,2
LS_LY_T_2023_SP_084,LY_T_2023,SP_084,3,84,12,Kvium,n,Half,450.0,T,2
LS_LY_T_2023_SP_085,LY_T_2023,SP_085,3,85,1,Rembrandt,n,Zero,150.0,T,2
LS_LY_T_2023_SP_086,LY_T_2023,SP_086,3,86,2,Heerup,n,Zero,450.0,T,2
LS_LY_T_2023_SP_087,LY_T_2023,SP_087,3,87,8,Kvium,n,Zero,300.0,T,51
LS_LY_T_2023_SP_088,LY_T_2023,SP_088,3,88,8,Rembrandt,n,Zero,300.0,T,51
LS_LY_T_2023_SP_089,LY_T_2023,SP_089,3,89,8,Sheriff,n,Zero,300.0,T,53
LS_LY_T_2023_SP_090,LY_T_2023,SP_090,3,90,6,Kvium,n,Zero,450.0,T,2
LS_LY_T_2023_SP_091,LY_T_2023,SP_091,3,91,8,Heerup,n,Zero,300.0,T,53
LS_LY_T_2023_SP_092,LY_T_2023,SP_092,3,92,8,Rembrandt,n,Zero,450.0,T,2
LS_LY_T_2023_SP_093,LY_T_2023,SP_093,3,93,9,Heerup,n,Zero,150.0,T,3
LS_LY_T_2023_SP_094,LY_T_2023,SP_094,3,94,10,Kvium,n,Zero,150.0,T,3
LS_LY_T_2023_SP_095,LY_T_2023,SP_095,3,95,11,Sheriff,n,Zero,150.0,T,3
LS_LY_T_2023_SP_096,LY_T_2023,SP_096,3,96,12,Sheriff,n,Zero,450.0,T,3
LS_LY_T_2023_SP_097,LY_T_2023,SP_097,3,97,1,Heerup,n,Normal,150.0,T,3
LS_LY_T_2023_SP_098,LY_T_2023,SP_098,3,98,9,Rembrandt,n,Normal,300.0,T,57
LS_LY_T_2023_SP_099,LY_T_2023,SP_099,3,99,3,Kvium,n,Normal,150.0,T,3
LS_LY_T_2023_SP_100,LY_T_2023,SP_100,3,100,9,Heerup,n,Normal,300.0,T,57
LS_LY_T_2023_SP_101,LY_T_2023,SP_101,3,101,5,Rembrandt,n,Normal,450.0,T,3
LS_LY_T_2023_SP_102,LY_T_2023,SP_102,3,102,6,Heerup,n,Normal,450.0,T,3
LS_LY_T_2023_SP_103,LY_T_2023,SP_103,3,103,7,Rembrandt,n,Normal,150.0,T,3
LS_LY_T_2023_SP_104,LY_T_2023,SP_104,3,104,9,Kvium,n,Normal,300.0,T,47
LS_LY_T_2023_SP_105,LY_T_2023,SP_105,3,105,9,Sheriff,n,Normal,150.0,T,3
LS_LY_T_2023_SP_106,LY_T_2023,SP_106,3,106,10,Kvium,n,Normal,450.0,T,3
LS_LY_T_2023_SP_107,LY_T_2023,SP_107,3,107,9,Sheriff,n,Normal,300.0,T,57
LS_LY_T_2023_SP_108,LY_T_2023,SP_108,3,108,12,Sheriff,n,Normal,450.0,T,3
LS_LY_T_2023_SP_109,LY_T_2023,SP_109,1_2,5_68,1_6,Sheriff,,Normal,300.0,T,3
LS_LY_T_2023_SP_110,LY_T_2023,SP_110,1_2,3_61,1_6,Heerup,,Normal,300.0,T,3
LS_LY_X_0000_SP_000,LY_X_0000,SP_000,,,,,,,300.0,ZymoBIOMICS | Ultrapure | DES | 1xPBS,163
LS_LY_Z_0000_SP_000,LY_Z_0000,SP_000,,,,,,,,contaminated,3
