SP_id,SP_sample_number,SP_plot,SP_source_values,SP_row_count
SP_000,,,SP_000,166
SP_001,1.0 | 1,1.0 | 1,SP_001,178
SP_002,2.0 | 2,2.0 | 2,SP_002,169
SP_003,3.0 | 3,3.0 | 3,SP_003,254
SP_004,4.0 | 4,4.0 | 4,SP_004,143
SP_005,5.0 | 5,5.0 | 5,SP_005,192
SP_006,6.0 | 6,6.0 | 6,SP_006,161
SP_007,7.0 | 7,7.0 | 7,SP_007,160
SP_008,8.0 | 8,8.0 | 8,SP_008,157
SP_009,9.0 | 9,9.0 | 9,SP_009,204
SP_010,10.0 | 10,10.0 | 10,SP_010,271
SP_011,11.0 | 11,11.0 | 11,SP_011,208
SP_012,12.0 | 12,12.0 | 12,SP_012,163
SP_013,13.0 | 13,13.0 | 13,SP_013,200
SP_014,14.0 | 14,14.0 | 14,SP_014,210
SP_015,15.0 | 15,15.0 | 15,SP_015,201
SP_016,16.0 | 16,16.0 | 16,SP_016,135
SP_017,17.0 | 17,17.0 | 17,SP_017,181
SP_018,18.0 | 18,18.0 | 18,SP_018,185
SP_019,19.0 | 19,19.0 | 19,SP_019,172
SP_020,20.0 | 20,20.0 | 20,SP_020,168
SP_021,21.0 | 21,21.0 | 21,SP_021,157
SP_022,22.0 | 22,22.0 | 22,SP_022,215
SP_023,23.0 | 23,23.0 | 23,SP_023,196
SP_024,24.0 | 24,24.0 | 24,SP_024,199
SP_025,25.0 | 25,25.0 | 25,SP_025,52
SP_026,26.0 | 26,26.0 | 26,SP_026,55
SP_027,27.0 | 27,27.0 | 27,SP_027,6
SP_028,28.0 | 28,28.0 | 28,SP_028,54
SP_029,29.0 | 29,29.0 | 29,SP_029,6
SP_030,30.0 | 30,30.0 | 30,SP_030,6
SP_031,31.0 | 31,31.0 | 31,SP_031,6
SP_032,32.0 | 32,32.0 | 32,SP_032,6
SP_033,33.0 | 33,33.0 | 33,SP_033,6
SP_034,34.0 | 34,34.0 | 34,SP_034,6
SP_035,35.0 | 35,35.0 | 35,SP_035,54
SP_036,36.0 | 36,36.0 | 36,SP_036,6
SP_037,37.0 | 37,37.0 | 37,SP_037,50
SP_038,38.0 | 38,38.0 | 38,SP_038,50
SP_039,39.0 | 39,39.0 | 39,SP_039,6
SP_040,40.0 | 40,40.0 | 40,SP_040,6
SP_041,41.0 | 41,41.0 | 41,SP_041,50
SP_042,42.0 | 42,42.0 | 42,SP_042,6
SP_043,43.0 | 43,43.0 | 43,SP_043,6
SP_044,44.0 | 44,44.0 | 44,SP_044,49
SP_045,45.0 | 45,45.0 | 45,SP_045,6
SP_046,46.0 | 46,46.0 | 46,SP_046,6
SP_047,47.0 | 47,47.0 | 47,SP_047,6
SP_048,48.0 | 48,48.0 | 48,SP_048,6
SP_049,49.0 | 49,49.0 | 49,SP_049,6
SP_050,50.0 | 50,50.0 | 50,SP_050,6
SP_051,51.0 | 51,51.0 | 51,SP_051,51
SP_052,52.0 | 52,52.0 | 52,SP_052,4
SP_053,53.0 | 53,53.0 | 53,SP_053,48
SP_054,54.0 | 54,54.0 | 54,SP_054,4
SP_055,55.0 | 55,55.0 | 55,SP_055,53
SP_056,56.0 | 56,56.0 | 56,SP_056,4
SP_057,57.0 | 57,57.0 | 57,SP_057,4
SP_058,58.0 | 58,58.0 | 58,SP_058,4
SP_059,59.0 | 59,59.0 | 59,SP_059,52
SP_060,60.0 | 60,60.0 | 60,SP_060,4
SP_061,61.0 | 61,61.0 | 61,SP_061,55
SP_062,62.0 | 62,62.0 | 62,SP_062,4
SP_063,63.0 | 63,63.0 | 63,SP_063,4
SP_064,64.0 | 64,64.0 | 64,SP_064,4
SP_065,65.0 | 65,65.0 | 65,SP_065,4
SP_066,66.0 | 66,66.0 | 66,SP_066,57
SP_067,67.0 | 67,67.0 | 67,SP_067,4
SP_068,68.0 | 68,68.0 | 68,SP_068,52
SP_069,69.0 | 69,69.0 | 69,SP_069,4
SP_070,70.0 | 70,70.0 | 70,SP_070,4
SP_071,71.0 | 71,71.0 | 71,SP_071,4
SP_072,72.0 | 72,72.0 | 72,SP_072,58
SP_073,73.0 | 73,73.0 | 73,SP_073,4
SP_074,74.0 | 74,74.0 | 74,SP_074,4
SP_075,75.0 | 75,75.0 | 75,SP_075,48
SP_076,76.0 | 76,76.0 | 76,SP_076,4
SP_077,77.0 | 77,77.0 | 77,SP_077,4
SP_078,78.0 | 78,78.0 | 78,SP_078,4
SP_079,79.0 | 79,79.0 | 79,SP_079,4
SP_080,80.0 | 80,80.0 | 80,SP_080,50
SP_081,81.0 | 81,81.0 | 81,SP_081,50
SP_082,82.0 | 82,82.0 | 82,SP_082,50
SP_083,83.0 | 83,83.0 | 83,SP_083,4
SP_084,84.0 | 84,84.0 | 84,SP_084,4
SP_085,85.0 | 85,85.0 | 85,SP_085,4
SP_086,86.0 | 86,86.0 | 86,SP_086,4
SP_087,87.0 | 87,87.0 | 87,SP_087,53
SP_088,88.0 | 88,88.0 | 88,SP_088,53
SP_089,89.0 | 89,89.0 | 89,SP_089,55
SP_090,90.0 | 90,90.0 | 90,SP_090,4
SP_091,91.0 | 91,91.0 | 91,SP_091,55
SP_092,92.0 | 92,92.0 | 92,SP_092,4
SP_093,93.0 | 93,93.0 | 93,SP_093,5
SP_094,94.0 | 94,94.0 | 94,SP_094,5
SP_095,95.0 | 95,95.0 | 95,SP_095,6
SP_096,96.0 | 96,96.0 | 96,SP_096,6
SP_097,97.0 | 97,97.0 | 97,SP_097,6
SP_098,98.0 | 98,98.0 | 98,SP_098,60
SP_099,99.0 | 99,99.0 | 99,SP_099,6
SP_100,100.0 | 100,100.0 | 100,SP_100,60
SP_101,101.0 | 101,101.0 | 101,SP_101,6
SP_102,102.0 | 102,102.0 | 102,SP_102,6
SP_103,103.0 | 103,103.0 | 103,SP_103,6
SP_104,104.0 | 104,104.0 | 104,SP_104,50
SP_105,105.0 | 105,105.0 | 105,SP_105,6
SP_106,106.0 | 106,106.0 | 106,SP_106,6
SP_107,107.0 | 107,107.0 | 107,SP_107,60
SP_108,108.0 | 108,108.0 | 108,SP_108,6
SP_109,109.0 | 5_68,109.0 | 5_68,SP_109,6
SP_110,110.0 | 3_61,110.0 | 3_61,SP_110,6
SP_111,111.0,111.0,SP_111,3
SP_112,112.0,112.0,SP_112,3
SP_113,113.0,113.0,SP_113,3
SP_114,114.0,114.0,SP_114,3
SP_115,115.0,115.0,SP_115,3
SP_116,116.0,116.0,SP_116,3
SP_117,117.0,117.0,SP_117,3
SP_118,118.0,118.0,SP_118,3
SP_119,119.0,119.0,SP_119,3
SP_120,120.0,120.0,SP_120,3
SP_121,121.0,121.0,SP_121,3
SP_122,122.0,122.0,SP_122,3
SP_123,123.0,123.0,SP_123,3
SP_124,124.0,124.0,SP_124,3
SP_125,125.0,125.0,SP_125,3
SP_126,126.0,126.0,SP_126,3
SP_127,127.0,127.0,SP_127,3
SP_128,128.0,128.0,SP_128,3
SP_129,129.0,129.0,SP_129,3
SP_130,130.0,130.0,SP_130,3
SP_131,131.0,131.0,SP_131,3
SP_132,132.0,132.0,SP_132,3
SP_133,133.0,133.0,SP_133,3
SP_134,134.0,134.0,SP_134,3
SP_135,135.0,135.0,SP_135,3
SP_136,136.0,136.0,SP_136,3
SP_137,137.0,137.0,SP_137,3
SP_138,138.0,138.0,SP_138,3
SP_139,139.0,139.0,SP_139,3
SP_140,140.0,140.0,SP_140,3
SP_141,141.0,141.0,SP_141,3
SP_142,142.0,142.0,SP_142,3
SP_143,143.0,143.0,SP_143,3
SP_144,144.0,144.0,SP_144,3
